sequence, count
PNP VM0 VV, 525
PNP VV PNP, 506
VV AT0 NN, 408
PRP AT0 NN, 381
VV TO0 VV, 378
AT0 AJ0 NN, 378
PNP VB VV, 294
PNP VB AJ0, 265
PNP VB AV0, 221
VDB XX0 VV, 216
VM0 VV PNP, 211
VB AT0 NN, 203
VV DPS NN, 195
TO0 VV PNP, 195
PNP VM0 XX0, 189
AT0 NN PRF, 188
VV PRP PNP, 177
CJS PNP VV, 174
AT0 NN NN, 170
VV PNP VV, 165
VB AV0 AJ0, 163
VM0 XX0 VV, 148
PNP VHB VV, 147
PNP VV TO0, 145
VM0 VM0 VV, 139
VV PRP AT0, 138
VV PNP PRP, 137
PNP VDB XX0, 137
PRP DPS NN, 133
AT0 NN PRP, 132
PNP VB AT0, 131
PNP AV0 VV, 131
VV PNP VB, 127
PNP VV PRP, 126
NN TO0 VV, 125
AV0 PNP VM0, 119
VB VV TO0, 119
PNP VV AT0, 117
XX0 VV PNP, 114
NN PRF NN, 113
VV PNP VM0, 111
DPS AJ0 NN, 110
VV DT0 NN, 110
VV PNP AV0, 108
AV0 PNP VB, 106
PNP VB XX0, 105
AV0 VV PNP, 102
AV0 PNP VV, 97
CJC PNP VM0, 96
NN PRP AT0, 96
PNP VM0 VB, 96
TO0 VV AT0, 95
VB VV PRP, 94
AT0 NN VB, 93
VV AT0 AJ0, 92
ITJ ITJ ITJ, 92
PNP VM0 AV0, 90
NN VB VV, 90
VV PNP AVP, 88
AT0 NN VV, 88
PRP DT0 NN, 88
AJ0 NN PRP, 84
VB AT0 AJ0, 84
PNP VV AV0, 83
CJC PNP VV, 83
DT0 AJ0 NN, 83
PNP VV DT0, 80
NN PNP VV, 78
PRP AT0 AJ0, 78
VM0 VV AT0, 78
TO0 VV PRP, 77
VV AVP PRP, 76
ITJ PNP VB, 76
VM0 PNP VV, 76
VB DPS NN, 75
DTQ VB PNP, 74
VM0 VV PRP, 73
VM0 AV0 VV, 72
PNP VV NN, 72
VB PNP VV, 71
NN PRP PNP, 71
AJ0 NN NN, 70
AV0 AV0 AV0, 69
DT0 VB AJ0, 68
CJC PNP VB, 67
NN NN NN, 67
AJ0 AJ0 NN, 64
NN PRF AT0, 63
AJ0 TO0 VV, 63
VHB VV TO0, 62
VDB PNP VV, 62
NN PRP NN, 62
NN PNP VM0, 61
AV0 AV0 PNP, 60
PRF AT0 NN, 59
VV TO0 VB, 59
NN CJC PNP, 58
CJS PNP VM0, 57
AT0 NN AV0, 56
AT0 NN PNP, 56
VV PRP PRP, 55
CJS PNP VB, 55
VV AVP AV0, 55
CJC AT0 NN, 54
VM0 VV AVP, 54
PNP VV AVP, 54
VB AJ0 NN, 53
PNP VM0 VHI, 53
PNP VV DPS, 52
NN CJC VV, 52
NN PNP VB, 51
PNP PRP AT0, 51
AV0 AT0 NN, 51
VV PNP NN, 51
VB AV0 AV0, 51
VV PRP NN, 51
NN PRP DT0, 50
PNP VM0 VDI, 50
TO0 VV NN, 50
AV0 VV PRP, 50
AT0 NN TO0, 50
NN VM0 VV, 50
AV0 CJS PNP, 49
VB VV AVP, 49
VV PRP DPS, 48
VV PRP DT0, 48
NN CJS PNP, 48
XX0 VV AV0, 48
VV AV0 AV0, 48
PNP VHB TO0, 48
AJ0 NN VV, 48
DPS NN VB, 48
NN VV PNP, 48
PNP VB PRP, 47
NN VB AV0, 47
VDD XX0 VV, 46
XX0 VV TO0, 46
VV NN NN, 46
PNP VB NN, 46
CJC VV PNP, 46
TO0 VV DT0, 45
PRP NN NN, 45
NN VB AJ0, 45
AT0 NN CJC, 45
VM0 VV AV0, 44
VM0 VV NN, 44
NN NN CJC, 44
TO0 VV DPS, 44
AV0 VV AT0, 44
NN AV0 AV0, 43
NN AT0 NN, 43
VV AJ0 NN, 43
VV AT0 NP0, 43
VM0 VB AJ0, 42
AV0 AJ0 NN, 42
NN CJC NN, 42
PRP PRP AV0, 42
PNP TO0 VV, 42
AV0 VV TO0, 42
ITJ PNP VV, 41
PNP VDD XX0, 41
NN VV PRP, 41
VB AJ0 PNP, 41
PNP AV0 AV0, 41
ITJ PNP VM0, 41
PNP VHB AT0, 41
VV PNP DT0, 41
NN PRP DPS, 40
VB AJ0 TO0, 40
AVQ VM0 PNP, 40
VV PNP AT0, 40
XX0 PNP VV, 40
VHB TO0 VV, 40
AJ0 NN AV0, 39
VV CJS PNP, 39
DT0 VB AT0, 39
AVQ VB PNP, 39
VV PNP TO0, 39
NN POS NN, 39
VV TO0 VDI, 39
VM0 VV DT0, 38
NN NN VV, 38
VV PRP NP0, 37
DT0 NN PRP, 37
AJ0 PNP VB, 37
VB VV AV0, 37
TO0 VV AV0, 36
DTQ PNP VV, 36
VV AV0 PRP, 36
AJ0 NN VB, 36
AJ0 NN PNP, 35
PNP AT0 NN, 35
PNP VB DPS, 35
DT0 AT0 NN, 35
TO0 VV AVP, 35
EX0 VB AT0, 34
PNP VV NP0, 34
VHB AT0 NN, 34
PRP AJ0 NN, 34
AV0 PRP AT0, 34
NN VM0 VB, 33
DTQ VB DT0, 33
VV DT0 AJ0, 33
NN VB AT0, 33
NN VV AVP, 33
DT0 VB AV0, 33
VB XX0 AV0, 33
AJ0 CJC AJ0, 33
AV0 VV AVP, 33
PNP VV VV, 32
AV0 VV AV0, 32
NP0 POS NN, 32
AV0 VDB XX0, 32
DPS NN AV0, 32
DPS NN NN, 32
NN NN VB, 32
PNP VV AJ0, 32
VV DPS AJ0, 31
VV AVP NN, 31
VB AJ0 PRP, 31
VB XX0 VV, 31
DTQ VB VV, 31
VB AV0 VV, 30
VV AVP AT0, 30
VM0 VB VV, 30
AT0 NN VM0, 30
PNP VHB AV0, 30
DT0 NN VB, 30
VDB XX0 PNP, 30
DT0 VB XX0, 30
DPS NN PRP, 30
VV AVQ PNP, 30
VV VV PNP, 30
VV PNP AJ0, 30
CJC DPS NN, 29
DTQ VDB PNP, 29
AJ0 NN PRF, 29
VV AV0 AJ0, 29
PNP VB DT0, 29
VB PRP AT0, 29
NN VV NN, 29
AV0 VM0 VM0, 29
NN PRF PNP, 28
VB XX0 AJ0, 28
XX0 VV PRP, 28
PNP VB NP0, 28
PNP VB PNP, 28
NN VB PRP, 28
AJ0 NN CJC, 28
DT0 VB PNP, 28
VM0 VV DPS, 27
VV PNP PNP, 27
AVP PRP NN, 27
VB VV PNP, 27
AT0 AJ0 AJ0, 27
AVQ PNP VV, 27
VV NN PRP, 27
NN PRF NP0, 26
AV0 AJ0 PRP, 26
PRP PNP AV0, 26
VB PNP AV0, 26
NN NN NP0, 26
NN AJ0 NN, 26
AVP AT0 NN, 26
XX0 VV AT0, 26
VM0 VDI PNP, 26
AJ0 PRP PNP, 26
DT0 NN NN, 26
NN PRP NP0, 26
PNP VV PNI, 26
AV0 DT0 VB, 25
VDZ XX0 VV, 25
XX0 VV DT0, 25
NN PRF DPS, 25
DPS NN VV, 25
DT0 DT0 NN, 25
DT0 NN VV, 25
NN NN AV0, 25
CJS AT0 NN, 25
VDD PNP VV, 25
TO0 VV NP0, 25
VV PNP NP0, 25
VB VV AT0, 25
VM0 VHI VV, 25
VHI TO0 VV, 25
AV0 AV0 VV, 24
VV AVP NP0, 24
EX0 VB AV0, 24
TO0 VB AJ0, 24
AV0 AV0 AJ0, 24
DPS NN CJC, 24
VHB VB VV, 24
DTQ PNP VB, 24
CJC PNP VHB, 24
NN NN PRP, 24
VV AVP VV, 23
VV AVP CJC, 23
AT0 NN AVP, 23
DT0 VB AVQ, 23
AJ0 NN NP0, 23
AVQ PNP VB, 23
PRP PRP AT0, 23
VB AV0 AT0, 23
PNQ VB PNP, 23
VV CJC VV, 23
VB PNP VDG, 23
PNP AV0 VDB, 23
CJS CJS PNP, 23
NN AV0 VV, 23
VM0 XX0 VB, 23
AT0 NP0 NP0, 23
VHB VV AT0, 23
AV0 DT0 NN, 22
XX0 VV NN, 22
CJC AV0 PNP, 22
AVP PRP AT0, 22
PRP AT0 NP0, 22
VB AJ0 CJC, 22
DTQ VB AT0, 22
NN VB PNP, 22
AT0 ORD NN, 22
AJ0 PRP AT0, 22
PNP CJS PNP, 22
VV PNP CJC, 22
XX0 AT0 NN, 21
PNP VHB VB, 21
PNP VDD PNP, 21
TO0 VB AT0, 21
AT0 NN NP0, 21
AJ0 NN VM0, 21
XX0 AV0 AJ0, 21
PRP NP0 NN, 21
VM0 VB AV0, 21
NN VB XX0, 21
VV AVP PNP, 21
DT0 NN CJC, 21
PRF AJ0 NN, 21
AT0 AV0 AJ0, 20
VM0 XX0 PNP, 20
ITJ NN NN, 20
NN PRF DT0, 20
CJC DT0 VB, 20
VV DTQ PNP, 20
VHI DT0 NN, 20
AVQ VDB PNP, 20
NP0 VV PNP, 20
AV0 TO0 VV, 20
ITJ DT0 VB, 20
AV0 AJ0 TO0, 20
DT0 NN PRF, 20
NN VV AV0, 20
PNP PRP NN, 20
NN NN PNP, 20
CJC PNP AV0, 20
AV0 AT0 AJ0, 19
DT0 NN PNP, 19
AV0 DTQ VB, 19
PRF DPS NN, 19
VB PRP NN, 19
NN CJC AT0, 19
EX0 VB PNI, 19
VHB VV PNP, 19
AT0 NN AT0, 19
CJC VV AT0, 19
PNP VHD AV0, 19
AJ0 CJS PNP, 19
VHB AV0 VV, 19
NN VV AT0, 19
NP0 PNP VM0, 19
AV0 PRP PNP, 19
AV0 VV DPS, 19
DT0 VB DPS, 19
VM0 VB AT0, 19
PRP CRD NN, 18
AVP AV0 AV0, 18
XX0 VV AVP, 18
AT0 NN CJT, 18
PNP PNP VV, 18
PNP PRP DPS, 18
XX0 AV0 VV, 18
PNP PRP PNP, 18
DPS NN NP0, 18
VB AJ0 NP0, 18
VV AV0 CJS, 18
UNC UNC UNC, 18
VB XX0 DT0, 18
XX0 VB AJ0, 18
VB AVP AV0, 18
XX0 VV PNI, 18
VB DT0 NN, 18
PRP PRP PNP, 18
VB AJ0 AV0, 18
PNP VV AVQ, 18
AVP CJC VV, 18
PNP CJC PNP, 18
VV NN CJC, 18
TO0 VB VV, 18
PNP PNP VM0, 17
VB AV0 PRP, 17
CJC CJS PNP, 17
AJ0 NN TO0, 17
VV VV VV, 17
DT0 AT0 AJ0, 17
VV DT0 DT0, 17
PNP DT0 NN, 17
VB PNP AJ0, 17
DPS NN PNP, 17
NN PRF AJ0, 17
ITJ VV PNP, 17
AVP PRP PNP, 17
VB VV NN, 17
DT0 PRF PNP, 17
VHD AV0 VV, 17
VV PNI PRP, 17
VM0 VV VV, 17
AV0 VV DT0, 17
DTQ VM0 PNP, 17
ITJ AV0 PNP, 16
ITJ VV AVP, 16
VB AT0 AV0, 16
PNP AV0 VB, 16
VV PRP AJ0, 16
VB NN NN, 16
VV NN AV0, 16
AV0 AV0 NP0, 16
AT0 NN POS, 16
ITJ PNP AV0, 16
PNP VB AVP, 16
VV TO0 VHI, 16
AJ0 PNP VM0, 16
AV0 PNP VHB, 16
PRF AT0 AJ0, 16
AV0 VV NN, 16
DT0 NN AV0, 16
ITJ DTQ VB, 16
VV PNP CJS, 16
DPS NN VM0, 16
VHB PNP VV, 16
CJC VV PRP, 16
VM0 PNP VDI, 16
AV0 AJ0 CJS, 16
AV0 AV0 NN, 16
NN PNP VHB, 16
PRP PRP NN, 16
VDB XX0 VHI, 16
AJ0 PNP VV, 16
CJC EX0 VB, 16
PRP PNP NP0, 16
CJC NN NN, 16
AV0 DPS NN, 16
NP0 CJC PNP, 16
VB AVQ PNP, 16
NN VM0 XX0, 16
PNP VV DTQ, 15
AVQ VDD PNP, 15
AJ0 NN AT0, 15
PNP VV CJS, 15
DT0 VB DT0, 15
VV NN VV, 15
VV CJC PNP, 15
DPS NN TO0, 15
NN VV NP0, 15
PNP VHB XX0, 15
PNP VDZ XX0, 15
PNI TO0 VV, 15
PNP PRP PRP, 15
PRP NP0 CJC, 15
VM0 VHI TO0, 15
AT0 NN CJS, 15
AV0 CJC VV, 15
NN VM0 PNP, 15
NN VDB XX0, 15
NN AVP PRP, 15
PRP PNP CJC, 15
PNP PRP DT0, 15
EX0 VM0 VB, 15
NP0 VB VV, 15
NN DT0 NN, 15
AVQ TO0 VV, 15
ITJ DPS NN, 15
DT0 DPS NN, 14
AT0 AJS NN, 14
PNP VV CJT, 14
VM0 VV NP0, 14
AV0 AV0 PRP, 14
PRF DT0 NN, 14
PNP DPS NN, 14
NN NP0 VV, 14
NN DPS NN, 14
VV AVQ TO0, 14
PRP DPS AJ0, 14
CJS PNP VDB, 14
PNP AVP PRP, 14
NN VV AJ0, 14
DTQ VB AJ0, 14
PNI VB VV, 14
AV0 DTQ PNP, 14
VM0 PNP VB, 14
VB AV0 DT0, 14
TO0 VV VV, 14
VB VV DPS, 14
AJ0 NN CJT, 14
PRP DT0 AJ0, 14
VV PNI AV0, 14
PRP PNP PRP, 14
PNP VHZ VV, 14
PNP VHB VDN, 14
NN AT0 AJ0, 14
ITJ AV0 AV0, 13
VM0 AV0 VB, 13
VB XX0 PNP, 13
AVP PRP NP0, 13
XX0 VV AJ0, 13
VB PRP PRP, 13
VV AV0 CJC, 13
NN VV TO0, 13
TO0 VV PNI, 13
VM0 VV TO0, 13
VV VV AT0, 13
AJ0 CJC PNP, 13
VB AJ0 PRF, 13
AV0 VV VV, 13
DTQ VV PRP, 13
VB DT0 AJ0, 13
CJC VV DPS, 13
PRP PNP TO0, 13
VB XX0 AT0, 13
NN NP0 NN, 13
VV NN PRF, 13
NP0 CJC VV, 13
NN CJT VM0, 13
VV DTQ VB, 13
CJS CJS CJS, 13
AV0 VB AT0, 13
VV NP0 CJC, 13
VB DPS AJ0, 13
ITJ ITJ PNP, 13
AT0 NN AJ0, 13
CRD AJ0 NN, 13
NP0 PNP VB, 13
VHZ VV TO0, 13
AV0 AV0 CJS, 13
NN NN ITJ, 13
AT0 DT0 NN, 13
VB PRP PNP, 13
AJ0 NN ITJ, 12
PNP AV0 VM0, 12
DT0 PNP VHB, 12
XX0 VV AVQ, 12
AVP DPS NN, 12
ITJ AT0 NN, 12
TO0 VV AJ0, 12
AV0 VB AJ0, 12
CJS PNP VHB, 12
PNP AT0 AJ0, 12
VB AV0 NN, 12
VV VV AVP, 12
PRF DPS AJ0, 12
AV0 VV AJ0, 12
VM0 VV PNI, 12
NP0 CJC AT0, 12
AV0 DT0 AJ0, 12
DTQ AT0 NN, 12
NN VHZ VV, 12
AT0 AJ0 PNI, 12
VV PNP VHB, 12
AV0 CJC PNP, 12
DT0 NN CJS, 12
PNP AV0 AJ0, 12
VV AVP DPS, 12
VDB XX0 VB, 12
CJT PNP VV, 12
VV PNP DPS, 12
VV AJ0 CJC, 12
NN PRP VV, 12
PRF NN PRP, 12
TO0 VDI VB, 12
VV PRP AV0, 12
DT0 VB DTQ, 12
AV0 PRP NP0, 12
AV0 AJ0 AV0, 12
CJC PNP VDB, 12
AV0 AJ0 PNP, 12
VHB TO0 VDI, 12
NN AV0 PRP, 12
VV DT0 AT0, 12
VM0 XX0 VHI, 12
VM0 XX0 VDI, 12
DT0 NN VM0, 11
VHB XX0 VV, 11
DT0 VM0 VV, 11
DPS AJ0 AJ0, 11
DT0 VB VV, 11
AV0 VV CJT, 11
ITJ AJ0 NN, 11
PRP AV0 AV0, 11
CJT PNP VB, 11
VM0 VB PRP, 11
NN AV0 PNP, 11
PRP NN AV0, 11
VM0 PNP AV0, 11
ITJ CJC PNP, 11
XX0 AV0 AV0, 11
AV0 PRP NN, 11
PNI PNP VM0, 11
NN AVQ VB, 11
XX0 DPS NN, 11
AV0 AJ0 CJC, 11
AVQ VDB XX0, 11
VM0 VB AVP, 11
DT0 VB NP0, 11
PRP NN CJC, 11
VB PNP NN, 11
VM0 VV AJ0, 11
VB PRP DT0, 11
PNP AV0 NP0, 11
VHZ VV PRP, 11
VV PNP DTQ, 11
AT0 NP0 NN, 11
DPS NN POS, 11
NN NP0 CJC, 11
AVP PRP AJ0, 11
NN VV DPS, 11
PRP NP0 AV0, 11
NN PNP VDB, 11
NN TO0 VDI, 11
XX0 VHI DT0, 11
VV AJ0 PRP, 11
DPS DT0 NN, 11
NN AVP AV0, 11
PRP NN PNP, 11
XX0 VV DPS, 11
CJC AJ0 NN, 11
NN NN VM0, 10
PRP PNP CJS, 10
AVQ PNP VM0, 10
VV VV PRP, 10
VB AT0 ORD, 10
ITJ AV0 VV, 10
NN VB DT0, 10
NN PRP AV0, 10
ITJ ITJ NN, 10
NP0 CJC NP0, 10
AV0 NN NN, 10
DPS NN AJ0, 10
PNP VM0 DT0, 10
AV0 CRD NN, 10
TO0 VDI PRP, 10
PNP NN AV0, 10
AT0 NN VHB, 10
VB PRP DPS, 10
VV NP0 NN, 10
NN VDD XX0, 10
AV0 PNP AV0, 10
VV DT0 VB, 10
ITJ ITJ AV0, 10
PNP VB VDG, 10
PRP PRP DT0, 10
VV PRP CRD, 10
VV NP0 VV, 10
PRF PNP VV, 10
VDB PNP VDI, 10
VHB AT0 AJ0, 10
VB XX0 DPS, 10
PRF NN NN, 10
NP0 VB AJ0, 10
DTQ PNP VHB, 10
PNP NN NN, 10
TO0 VDI PNI, 10
DT0 NN AVP, 10
NP0 AT0 NN, 10
XX0 DT0 NN, 10
AJ0 DPS NN, 10
AJ0 PRP NN, 10
XX0 VV DTQ, 10
XX0 VDI DT0, 10
CJC DT0 NN, 10
VV AV0 PNP, 10
VV VV NN, 10
AJ0 NN AVP, 10
DT0 VM0 VB, 10
CJC VV NN, 10
ITJ DT0 NN, 10
VB AT0 AJS, 10
PRP PNP VV, 10
AJ0 PRP DT0, 9
AV0 AV0 AT0, 9
VM0 VB NN, 9
NN PNP AV0, 9
PRP PNP NN, 9
PNI PRP NN, 9
VV PRF PNP, 9
VB AVP PRP, 9
VV EX0 VB, 9
CJC AV0 VV, 9
AV0 DPS AJ0, 9
PNI PRP AT0, 9
ITJ AV0 AJ0, 9
VV AV0 DT0, 9
CJC VV AVP, 9
CJT VM0 VV, 9
PNP VV CJC, 9
DT0 PRP NN, 9
NN PNQ VV, 9
VV NP0 PRP, 9
AV0 PRP DPS, 9
CRD PRF PNP, 9
AT0 NP0 VB, 9
AT0 NN VHZ, 9
DT0 NN NP0, 9
PRP DT0 DT0, 9
AJ0 DT0 VB, 9
VB AT0 NP0, 9
CJS AV0 PNP, 9
VB XX0 PRP, 9
VV CJT PNP, 9
NN VB AVP, 9
PNP AJ0 NN, 9
AJ0 NN AJ0, 9
VB AJ0 CJS, 9
VV DT0 PRP, 9
NN PRP PRP, 9
CRD PRF AT0, 9
NN CJC AV0, 9
VDI VB VV, 9
AV0 VB PNP, 9
DT0 NN TO0, 9
NN EX0 VB, 9
VB PNI PNP, 9
DT0 NN AT0, 9
VM0 VM0 VDI, 9
EX0 VB AJ0, 9
XX0 VV NP0, 9
XX0 PNP AV0, 9
ITJ VV VV, 9
CJS EX0 VB, 9
NP0 VV AT0, 9
AV0 VV PNI, 9
AV0 CJC AV0, 9
PNP CJC VV, 9
AV0 VB DPS, 9
VV PRP PNI, 9
DT0 VV PRP, 9
AVP VV AVP, 9
VB NN CJC, 9
NP0 PNP VV, 9
VV NN VB, 9
NP0 VM0 VV, 9
PNI VV PRP, 9
VV NN NP0, 9
NN DT0 VB, 9
AT0 NP0 VV, 9
AJ0 NN CJS, 9
VM0 DT0 VV, 9
TO0 VV CJC, 9
DPS ORD NN, 9
AVP CJS PNP, 9
VV AVP CJS, 8
PRF PNP VM0, 8
DTQ CJS PNP, 8
AVP PNP VM0, 8
NP0 NN VM0, 8
DPS NN CJS, 8
VHI AT0 NN, 8
NN CJC DPS, 8
VM0 VDI PRP, 8
PNP AV0 VDD, 8
NP0 CJC DPS, 8
AJ0 NP0 NP0, 8
DT0 AV0 AJ0, 8
DTQ PNP VM0, 8
XX0 TO0 VV, 8
VM0 XX0 AV0, 8
DT0 AJ0 AJ0, 8
CJC VV DT0, 8
VV PNP VDD, 8
PNP AV0 PRP, 8
VV AV0 NP0, 8
VV NN TO0, 8
NN PRP AJ0, 8
TO0 VV AVQ, 8
NN VB DPS, 8
VB VV DT0, 8
AT0 NN PNQ, 8
NP0 NP0 NP0, 8
VHB VV PRP, 8
VM0 VHI AT0, 8
CRD NN AV0, 8
ITJ PNP VDB, 8
DT0 PNP VV, 8
VHB VV AV0, 8
PNI VM0 VV, 8
VV AVP VM0, 8
AVP VM0 VM0, 8
VB VV AJ0, 8
VB VV NP0, 8
XX0 VB AV0, 8
AV0 AJ0 AJ0, 8
NN DTQ VB, 8
NP0 CJC NN, 8
ORD NN PNP, 8
NP0 VV TO0, 8
PRP DPS DT0, 8
DPS NN AVP, 8
VV NN AVP, 8
PRP VV PNP, 8
NN VM0 VHI, 8
AJ0 AJ0 AJ0, 8
PNP VM0 TO0, 8
VV PNP VHD, 8
AV0 EX0 VB, 8
VM0 VV AVQ, 8
CJC PNP VDD, 8
VB DT0 AT0, 8
PNP VDI DT0, 8
VV PNP AVQ, 8
NN AV0 CJC, 8
AV0 PRP DT0, 8
AV0 VB VV, 8
VV DT0 PRF, 8
AT0 AJC NN, 8
PNI PNP VV, 8
VM0 VB PNI, 8
CJC AT0 AJ0, 8
PNP VDG AV0, 8
AT0 AV0 VV, 7
VV PNP VDB, 7
VM0 TO0 VB, 7
PNP NN VV, 7
XX0 VB VV, 7
TO0 VV PRF, 7
AV0 PNP VDD, 7
PNP DT0 PRP, 7
VB NP0 CJC, 7
DTQ VHZ VV, 7
PNP VDB VV, 7
VDB PNP VHI, 7
NP0 PRP NN, 7
AT0 NP0 CJC, 7
PNP DT0 VV, 7
ITJ ITJ AJ0, 7
DT0 DT0 AJ0, 7
NP0 NP0 VV, 7
PRP NP0 POS, 7
AVP PRP DPS, 7
VV NP0 VM0, 7
PNP AVP CJC, 7
VM0 VV CJC, 7
NP0 VDB XX0, 7
PNP VHI TO0, 7
PNP VV VB, 7
POS AJ0 NN, 7
AV0 VV NP0, 7
AV0 CJS AT0, 7
VDI PRP PNP, 7
CJC AV0 AV0, 7
CJT AT0 NN, 7
VV NP0 PNP, 7
NN CJC AJ0, 7
PRP DT0 PNP, 7
PNP VV PNX, 7
CJC AJ0 AV0, 7
CJC NN CJC, 7
ITJ ITJ VV, 7
VV AVP AJ0, 7
TO0 VB DPS, 7
DTQ AT0 AJ0, 7
NN VHB VB, 7
PRP DT0 AT0, 7
NN NP0 NP0, 7
NP0 NP0 CJC, 7
PNP AV0 NN, 7
CRD CRD CRD, 7
VHI VV PNP, 7
AV0 VV AVQ, 7
CJT PNP VM0, 7
EX0 VB XX0, 7
PNP NN NP0, 7
NP0 NN PRP, 7
DTQ PRP AT0, 7
DT0 PRP AT0, 7
NN CJT VV, 7
AV0 AJ0 PRF, 7
TO0 VB NN, 7
DPS NN AT0, 7
VB AJ0 VV, 7
NP0 CJS PNP, 7
VV NN PNP, 7
NN AV0 CJS, 7
VB VV CJC, 7
PNP VDI PNP, 7
VV PNP CRD, 7
AJ0 PRF PNP, 7
VB DT0 PRP, 7
AVQ VB AT0, 7
CJC AVQ VB, 7
PRP DTQ PNP, 7
VV PRP VV, 7
PNP AVP AV0, 7
EX0 VB DT0, 7
AVP TO0 VV, 7
PNP DT0 DT0, 7
VM0 TO0 VV, 7
PNP TO0 VDI, 7
CJC AVQ VDB, 7
VB AV0 PNP, 7
ITJ ITJ DT0, 7
NN POS AJ0, 7
AV0 VDB PNP, 7
NN AT0 NP0, 7
AT0 NP0 POS, 7
NN PRF VV, 7
VV PNP ITJ, 7
NN NP0 AV0, 7
PNI AV0 VV, 7
PNP AV0 PNP, 7
VB AV0 CRD, 7
VV AVQ AJ0, 6
NN VHB PNP, 6
DT0 PRF NP0, 6
XX0 DT0 AT0, 6
VV AVP PNI, 6
VV PRF AT0, 6
VM0 VV DTQ, 6
VB PRP AV0, 6
AJ0 VM0 VV, 6
NN VB NP0, 6
VB AJ0 AJ0, 6
CJT AJ0 NN, 6
AVP AT0 AJ0, 6
AV0 NP0 VV, 6
ITJ VM0 VM0, 6
VHB VV PNI, 6
PRP PNP VM0, 6
AJ0 AT0 NN, 6
PRP VV DPS, 6
CRD DT0 NN, 6
VM0 VDI PNI, 6
POS NN VB, 6
DTQ VDD PNP, 6
VV CJT AV0, 6
PNP AV0 DT0, 6
VDB XX0 VDI, 6
VHD AT0 NN, 6
NP0 NN NN, 6
VV NN VM0, 6
VB VV VV, 6
VV NP0 POS, 6
NP0 VB PNP, 6
DTQ VHB PNP, 6
VB NP0 NP0, 6
TO0 VV PNX, 6
VB AV0 NP0, 6
DTQ VM0 VV, 6
PNI PRP PNP, 6
PRP PRP DPS, 6
VV PNP PNI, 6
AV0 PNP VDZ, 6
AJ0 AV0 TO0, 6
VB DTQ PNP, 6
VV DTQ VV, 6
VHZ VB VV, 6
PNP VDD VV, 6
NP0 AV0 PNP, 6
VV AV0 VV, 6
PRP PRP NP0, 6
VV CJT VV, 6
CJS DPS NN, 6
NP0 NN VB, 6
AVP PNP VV, 6
PNP PRP VV, 6
ITJ NN PNP, 6
VB PNI AJ0, 6
PNP VB PNI, 6
VV DTQ TO0, 6
NP0 VV NN, 6
VV DT0 DPS, 6
NP0 VV PRP, 6
VB PNP NP0, 6
VM0 VHI DT0, 6
CJC DTQ VB, 6
VV PRP PNX, 6
NN CJT PNP, 6
VV CJT AJ0, 6
CRD NN VV, 6
NP0 VV AVP, 6
VB NN AV0, 6
XX0 VHI VV, 6
VV NP0 NP0, 6
AJ0 CJC AV0, 6
VV PNP XX0, 6
NN NN AVQ, 6
CJS PNP AV0, 6
EX0 VB NN, 6
PUQ AT0 NN, 6
AJ0 PNP VHB, 6
ITJ PNP VHB, 6
VB AV0 TO0, 6
AV0 AV0 DT0, 6
XX0 VDI PNI, 6
AT0 NP0 PNP, 6
VM0 DT0 VB, 6
VV AVP DT0, 6
DPS NN PRF, 6
VHI AT0 AJ0, 6
PRP PNP PNP, 6
VV NN AJ0, 6
VDD PNP VDI, 6
NN DPS AJ0, 6
AV0 VB PRP, 6
NP0 VV AV0, 6
VB PNP DT0, 6
CJC PNQ VB, 6
NN TO0 VB, 6
NN PNQ VB, 6
AJ0 AJ0 CJC, 6
VDD XX0 AV0, 6
VB DT0 AV0, 6
AVP AV0 CJC, 6
NN NN CJS, 6
NN CJC DT0, 6
AT0 NP0 AV0, 6
ITJ VDB XX0, 6
PRP NN PRP, 6
CJS PNP VDD, 6
VV AJ0 AV0, 6
DTQ TO0 VDI, 6
XX0 PRP PNP, 6
AVP PRP DT0, 6
AV0 VM0 XX0, 6
PNP AV0 VHB, 6
AV0 VV CJC, 6
DTQ PNP VDB, 6
VV DPS DT0, 5
PRP VV PRP, 5
ITJ NN NP0, 5
VHB PNP AV0, 5
PNP PRP AV0, 5
VV VB AT0, 5
CRD NN PRP, 5
PNI VV PNP, 5
AVQ VB DT0, 5
CJS NN NN, 5
DT0 VB NN, 5
PNI POS AJ0, 5
AV0 NP0 NN, 5
DT0 VV AVP, 5
TO0 VDI PNP, 5
TO0 VV CJT, 5
AJ0 TO0 VHI, 5
ITJ VV PRP, 5
PNP PRP NP0, 5
VM0 VV CJT, 5
VB CJS PNP, 5
VV AV0 NN, 5
XX0 VHI AT0, 5
DT0 NN DT0, 5
AV0 DT0 PRF, 5
PNP VV ITJ, 5
PNP VB AJC, 5
NN ITJ ITJ, 5
AJ0 NN DTQ, 5
NP0 PRP AT0, 5
PNQ VM0 VV, 5
PRP NN VB, 5
AJ0 NN DT0, 5
AT0 NP0 PRP, 5
CJC AT0 NP0, 5
AV0 VHB TO0, 5
PNP TO0 VB, 5
NN DTQ PNP, 5
VDI DTQ PNP, 5
NN VV DT0, 5
VB PNP VB, 5
DT0 PRP NP0, 5
VV TO0 NN, 5
NP0 VV DT0, 5
NN VV CJC, 5
VM0 VDI DT0, 5
NN VDZ XX0, 5
PNI TO0 VDI, 5
NP0 AV0 VV, 5
PRP AV0 CJC, 5
AVP CJC AVP, 5
VV PRF PNI, 5
AVQ VM0 XX0, 5
NP0 NP0 NN, 5
VV PNX PRP, 5
VB NP0 POS, 5
NN NP0 VB, 5
PRP NP0 NP0, 5
PRF NN AV0, 5
ITJ AV0 NN, 5
VV NP0 AV0, 5
AV0 VB AV0, 5
AV0 PRP AV0, 5
DPS NN DTQ, 5
NN NN TO0, 5
VB DT0 PNP, 5
VB AV0 VB, 5
AVQ AJ0 PNP, 5
PRP NN POS, 5
VV AT0 AV0, 5
AJ0 NN PNQ, 5
DT0 VV PNP, 5
VV VV DPS, 5
CRD NN TO0, 5
AVQ VB DPS, 5
AV0 VM0 PNP, 5
TO0 VHI AT0, 5
ITJ AT0 AJ0, 5
PUQ PNP PUQ, 5
PNI AV0 AJ0, 5
PRF AT0 NP0, 5
PNP DT0 VB, 5
VB VV PRF, 5
NP0 VV AJ0, 5
PRP NN CJS, 5
VB PUQ PNP, 5
AJS NN PNP, 5
VB DT0 VV, 5
TO0 VHI TO0, 5
NP0 TO0 VV, 5
AT0 NN DT0, 5
VB PNI AV0, 5
NN AV0 DTQ, 5
CJC NP0 VV, 5
ITJ CJS PNP, 5
XX0 VV CJS, 5
PRP NN NP0, 5
VDI PNI PRP, 5
PNP AV0 CJC, 5
XX0 VV CJC, 5
PNP VDB PNI, 5
ITJ NP0 NP0, 5
NP0 NN VV, 5
AV0 CJS DT0, 5
CJS NP0 VB, 5
PNP DPS AJ0, 5
VV CRD NN, 5
AT0 NP0 VM0, 5
AVP NN NN, 5
VB NN PRP, 5
NN PRP PNI, 5
VM0 VV CJS, 5
AVQ VHB PNP, 5
VDZ PNP VV, 5
AV0 VV PNX, 5
VV VV CJC, 5
PNP VV PRF, 5
PNP DT0 AT0, 5
VV VV DT0, 5
VM0 AV0 AV0, 5
PRF PNP AV0, 5
CJC VV AJ0, 5
AJ0 CJC VV, 5
ITJ VV AVQ, 5
AV0 PRP PRP, 5
PNP VDI AV0, 5
CJC PRP PRP, 5
PNP CJC DPS, 5
POS NN NN, 5
VHB VV DT0, 5
ITJ NN VV, 5
CJC DTQ VM0, 5
AVQ TO0 VB, 5
VHI VV PRP, 5
PNP VV PUQ, 5
PRF NN VB, 5
PNI POS NN, 5
PNP VV CRD, 5
VDI PRP AT0, 5
AV0 CJT PNP, 5
VV AJ0 TO0, 5
NN CJC VB, 5
NP0 PRP PRP, 5
VV AT0 ORD, 5
NN VDB PNP, 5
AVP AV0 VV, 5
NP0 VB AV0, 5
CJT VV PNP, 5
VB AJC CJS, 5
AV0 NN VV, 5
CJS DT0 NN, 5
VB DPS ORD, 5
CJC NN VB, 5
VV NP0 VB, 5
NN CJC PNI, 5
AV0 AV0 CJC, 5
XX0 VDI PNP, 5
VV AJ0 AJ0, 5
VHB AV0 VB, 5
VB AT0 DT0, 4
VV CJC AV0, 4
PNP CJC AV0, 4
PNQ VM0 VB, 4
VB AVP TO0, 4
AVQ DT0 NN, 4
PNP VHI DT0, 4
TO0 VB PRP, 4
PNP VHZ VB, 4
TO0 VDI NN, 4
VDB XX0 AV0, 4
VB PNP DPS, 4
PRF NN TO0, 4
NN AJ0 CJC, 4
NP0 NP0 VB, 4
ITJ DPS AJ0, 4
CJC AV0 VB, 4
NP0 POS AJ0, 4
VB AV0 DTQ, 4
NN PRP DTQ, 4
VV CJS AT0, 4
VHI VV NN, 4
AJ0 NN POS, 4
VDI PNP AV0, 4
PNI VHZ VV, 4
DPS AJS NN, 4
XX0 AJ0 NN, 4
PNQ VB VV, 4
AV0 NN NP0, 4
VHB VV NN, 4
VV PNI VV, 4
PNQ VV TO0, 4
VDB VV PNP, 4
NN NN VDD, 4
VHB PNP VB, 4
NN DTQ VM0, 4
VB DT0 DPS, 4
VV AVQ AT0, 4
ITJ NP0 PNP, 4
VV DT0 NP0, 4
PRP CJS PNP, 4
VB DT0 DT0, 4
VM0 AV0 VHI, 4
AJ0 NN VHB, 4
EX0 VHZ VV, 4
NP0 VM0 VB, 4
NP0 VV DPS, 4
AVP PNP VB, 4
AJ0 NN VDB, 4
VV VV AV0, 4
AV0 DTQ VDB, 4
AV0 CJS NP0, 4
AT0 NN DTQ, 4
CJS NP0 VV, 4
AVP AV0 PRP, 4
AV0 PRP AJ0, 4
CJC AVQ VM0, 4
VB CRD PRF, 4
VV PRP DTQ, 4
VM0 VDI DTQ, 4
VV DT0 VM0, 4
AVP VV NN, 4
NN DT0 AT0, 4
NN AV0 AJ0, 4
DPS DT0 AJ0, 4
AV0 CJC AT0, 4
PNP VB VDN, 4
VV AVQ DT0, 4
AV0 CRD PRF, 4
DTQ VDZ PNP, 4
NN NN PRF, 4
VHD TO0 VV, 4
VDB PNI AJ0, 4
PNI VB AV0, 4
PNP VHD AT0, 4
AVQ PNP VHB, 4
PNI AJ0 PRP, 4
DT0 VV AV0, 4
VB PNI TO0, 4
XX0 AV0 AT0, 4
VDI AT0 AJ0, 4
ITJ VM0 PNP, 4
TO0 VV CRD, 4
NN VV CJS, 4
AVP PRP AV0, 4
PNP AJ0 TO0, 4
DTQ AJ0 VM0, 4
NN NN AT0, 4
PRP DT0 VV, 4
PRP AVQ PNP, 4
PNP CJC NN, 4
XX0 VV ITJ, 4
VB TO0 VV, 4
AJ0 VV PNP, 4
PRP NN TO0, 4
TO0 VB AV0, 4
CJC PNI VV, 4
AVQ VB NN, 4
NN CJC DTQ, 4
PNP VV AJC, 4
PNP VHB DPS, 4
PNP AJ0 AJ0, 4
VV AV0 TO0, 4
AV0 XX0 VV, 4
CRD NN PRF, 4
AV0 CJS CJS, 4
VDD XX0 VDI, 4
CJC VV TO0, 4
NP0 NN PRF, 4
XX0 CJS PNP, 4
AV0 VV DTQ, 4
AT0 AJS AJ0, 4
AV0 NP0 NP0, 4
PRP PNP DT0, 4
VV PRF DPS, 4
ORD NN TO0, 4
CJT AT0 AJ0, 4
NN XX0 VV, 4
CJC PNP NN, 4
ITJ NN ITJ, 4
NN AJ0 AJ0, 4
PNP VB VB, 4
AJS NN AV0, 4
PRP AT0 ORD, 4
PRF DT0 AJ0, 4
DT0 NN POS, 4
CJC NP0 NN, 4
VB NN VV, 4
PRF NN VV, 4
NN ITJ NN, 4
PNP CJC AT0, 4
NN NP0 PNP, 4
CJS NP0 CJC, 4
ITJ ITJ NP0, 4
NN VHB VV, 4
CJC DTQ PNP, 4
PRP AJ0 AJ0, 4
AJS NN PRF, 4
DT0 VB AJC, 4
ITJ NP0 NN, 4
AV0 AJ0 CJT, 4
PUQ NN NN, 4
TO0 VV CJS, 4
VV VV AJ0, 4
VV CJS NN, 4
VV DT0 PNP, 4
NN PRP CRD, 4
AV0 PNP VDB, 4
PNP VHD TO0, 4
AJC CJS PNP, 4
PRP AV0 PRP, 4
AJ0 DT0 NN, 4
NN VV VV, 4
PRF DTQ PNP, 4
AV0 AV0 VB, 4
VM0 VM0 XX0, 4
VV PNI POS, 4
PNP ITJ PNP, 4
DT0 TO0 VV, 4
PRP CRD PRF, 4
NN VB CJT, 4
CJC NN NP0, 4
TO0 VV DTQ, 4
AJ0 AV0 AV0, 4
VM0 XX0 NN, 4
DT0 CJS PNP, 4
AV0 AV0 EX0, 4
AVQ NN NN, 4
DPS NN DPS, 4
AJ0 CJT PNP, 4
NN PNQ VM0, 4
NN PRP PNX, 4
AJ0 PNP VDD, 4
VV CJT AT0, 4
VV PNP VDI, 4
CJC VB AJ0, 4
VV AVP VB, 4
CJC VDB XX0, 4
NP0 VB AT0, 4
VV CRD PRF, 4
ITJ AJ0 AJ0, 4
DT0 PNI VB, 4
VV CJC AT0, 4
VV AV0 DPS, 4
NN NN AJ0, 4
VV PNX AV0, 4
AJS AJ0 NN, 4
NN VDD PNP, 4
CJC VB PNP, 4
PRP VV NN, 4
AV0 NN PNP, 4
PNP NP0 NP0, 4
PRP PNP VB, 4
PNP VHB VHN, 4
VV AV0 AT0, 4
ITJ NN VB, 4
VB PRP AJ0, 4
PNP AJ0 DT0, 4
VM0 VHI VB, 4
AJ0 VM0 PNP, 4
NN CJT AT0, 4
POS NN PRP, 4
ORD NN NN, 4
PNP NN VM0, 4
VHB VDN AV0, 4
AVP CJC PNP, 4
DTQ VV PNP, 4
NN VHZ VB, 4
PNP DT0 VHB, 4
AT0 AJ0 PRP, 4
NP0 NP0 PNP, 4
PRF NN CJC, 4
VV DT0 CJS, 4
DTQ VB NN, 4
AV0 AJ0 NP0, 4
VB NP0 NN, 4
AT0 NN AVQ, 4
DTQ PRP NN, 4
AJ0 PRP AJ0, 4
AVP AV0 NP0, 4
PNP DT0 AJ0, 4
NN VM0 AV0, 4
NP0 NP0 AT0, 4
PRP NN VV, 4
NN NN POS, 4
NN AV0 DT0, 4
NN NN VDB, 4
TO0 VDI DT0, 4
DPS NN VHB, 4
PRP VV AVP, 4
NP0 AV0 AV0, 4
PRP AT0 DT0, 4
VDB PNP AV0, 4
AJ0 PRP AV0, 4
AVQ VB NP0, 4
EX0 VB NP0, 4
PRP PNP DPS, 3
XX0 DT0 AV0, 3
VHI VV AV0, 3
NP0 PRP PNP, 3
VHB DT0 NN, 3
DPS CRD AJ0, 3
PNP VB CRD, 3
PNP VHB PNP, 3
AV0 DT0 AV0, 3
VDD XX0 PNP, 3
DT0 NN DPS, 3
VDI NN NN, 3
VV CJT NP0, 3
CJC AT0 ORD, 3
VHZ TO0 VB, 3
AV0 AV0 VDB, 3
VB NN PRF, 3
PNP CRD NN, 3
ITJ NP0 AV0, 3
CJS DT0 VB, 3
PNI VB AJ0, 3
VV VB AJ0, 3
VV PNI TO0, 3
PNI PNI VB, 3
TO0 VB DT0, 3
NN CJC VDB, 3
PRP AJC NN, 3
NN AJ0 AV0, 3
AJ0 CJS AJ0, 3
PRP AV0 NP0, 3
AV0 NP0 PNP, 3
DTQ NN VV, 3
AJ0 NN AVQ, 3
PNP VDB PRP, 3
AVQ VB PNI, 3
AV0 DT0 PNP, 3
VM0 VDI TO0, 3
VV NP0 AJ0, 3
TO0 VDI AT0, 3
NN VM0 TO0, 3
PNI PRP DT0, 3
PNP VM0 NN, 3
AV0 NP0 VB, 3
NN XX0 AT0, 3
VV PNI VM0, 3
AV0 PNP VHD, 3
CJC AJ0 CJC, 3
PNI PNI VM0, 3
NP0 NN PNP, 3
DT0 CJS DT0, 3
AJ0 NP0 CJC, 3
VV VB AV0, 3
CJC DTQ PRP, 3
VV AVQ AV0, 3
AV0 VB DT0, 3
VM0 VHI DPS, 3
VB PNP VM0, 3
CJT EX0 VB, 3
AV0 AV0 AVP, 3
PNI AJ0 VB, 3
VHZ AV0 VV, 3
VV CJS CJS, 3
CJC NN PRP, 3
AJ0 PRP VV, 3
NP0 VB PRP, 3
VV CJC NP0, 3
AJ0 NN VHZ, 3
CRD NN PNP, 3
DT0 PRP PNP, 3
XX0 VHI PNI, 3
NP0 VDD XX0, 3
ITJ AVQ PNP, 3
NN NN VHB, 3
AVQ PNP VDB, 3
PRF NP0 POS, 3
AV0 AJ0 AVP, 3
CJC NN VM0, 3
VM0 VB PUQ, 3
AV0 VB AVP, 3
AT0 NN ITJ, 3
AV0 AJ0 DT0, 3
NN DT0 VV, 3
PNP PNP VB, 3
ITJ AV0 DT0, 3
ITJ PNP VDD, 3
PRP PNX AV0, 3
VB AJ0 XX0, 3
NN DTQ VV, 3
VB CJT PNP, 3
VM0 VV PRF, 3
PNP VB CJS, 3
PNP VHB NN, 3
VB CRD AJ0, 3
AVP AV0 PNP, 3
VHZ AV0 VB, 3
VHB VB AV0, 3
VV AV0 AVQ, 3
VHB AJ0 NN, 3
AV0 ORD NN, 3
PRP DT0 DPS, 3
AVQ AT0 AJ0, 3
CJS AT0 AJ0, 3
CRD CJC PNP, 3
PNI VB AT0, 3
NN AJ0 VV, 3
TO0 VHI PNI, 3
DT0 VM0 XX0, 3
AV0 PNP CRD, 3
DT0 PRF DPS, 3
AT0 NN XX0, 3
XX0 AJ0 AV0, 3
DTQ VB AV0, 3
VV PNP PNQ, 3
TO0 VHI VV, 3
PNP AJ0 AV0, 3
VHB AV0 VHN, 3
VHI VB VV, 3
NN ITJ NP0, 3
NP0 AJ0 VV, 3
AT0 AJ0 NP0, 3
NN VV PNI, 3
AV0 PNQ VV, 3
XX0 PRP AT0, 3
VB NN TO0, 3
VB AV0 DPS, 3
VDD PNP AV0, 3
VHB TO0 VB, 3
VM0 VB PNP, 3
NN AJ0 NP0, 3
VDI DT0 PRP, 3
PRF PNP TO0, 3
CJS DT0 AJ0, 3
CJC NN PNP, 3
DTQ VB PRP, 3
CJC NN PRF, 3
ITJ VV AT0, 3
CRD AT0 CRD, 3
AJ0 AJ0 PRP, 3
ITJ VV NN, 3
CRD PRF DT0, 3
NN NN DPS, 3
ITJ NP0 VV, 3
UNC XX0 AT0, 3
VM0 VDI AT0, 3
XX0 AT0 AJ0, 3
VV NP0 CJS, 3
PNP VV VM0, 3
PNP VDD DT0, 3
AJ0 NN VDD, 3
AT0 ORD VV, 3
NP0 AT0 AJ0, 3
PNP CJS CJS, 3
VHZ VV AV0, 3
DT0 NN VDB, 3
ITJ VV AV0, 3
CJC NP0 CJC, 3
NN AJ0 PRP, 3
VHB VV DPS, 3
VV ZZ0 VV, 3
VV PNI PRF, 3
AVP AJ0 NN, 3
NN CJS AJ0, 3
CJC PNP VHZ, 3
PNI PNI VV, 3
DPS DPS DPS, 3
VV VB DPS, 3
PNP EX0 VB, 3
CJS AJ0 NN, 3
CJC NP0 NP0, 3
CJT VV DPS, 3
AV0 VV PRF, 3
VV AVP DTQ, 3
DT0 PRF AT0, 3
AV0 AV0 PNI, 3
AJ0 PRF DT0, 3
PNP NN VB, 3
CJC CJS CJS, 3
AT0 CRD PRF, 3
NN CRD PRP, 3
VV VV CJS, 3
XX0 DT0 PRF, 3
NP0 CJC AJ0, 3
PRF DPS DT0, 3
PNP ITJ ITJ, 3
AV0 AVQ VDD, 3
VV PNI AVP, 3
AV0 NN AJ0, 3
XX0 VHI TO0, 3
PNP UNC XX0, 3
NP0 VHB VV, 3
AV0 TO0 VB, 3
PNP VHZ XX0, 3
NP0 AV0 VDB, 3
CJC VV VV, 3
ITJ VB PNP, 3
PRP PRP PRP, 3
TO0 VDI AV0, 3
DPS NN VHZ, 3
VV NN CJS, 3
ITJ AVQ VM0, 3
VM0 VB DPS, 3
NN AV0 TO0, 3
NN AV0 NP0, 3
PNP AJ0 PNP, 3
PRP NN AT0, 3
XX0 PRP DPS, 3
NN AVP AT0, 3
PNP AVQ PNP, 3
NN VV VB, 3
PNI VV NN, 3
AJ0 CJC XX0, 3
VB VV CJT, 3
NN PRF DTQ, 3
DTQ NN PRF, 3
AV0 AVQ VDB, 3
PNP AV0 ITJ, 3
PNP VHZ AV0, 3
VV DT0 AV0, 3
UNC XX0 VV, 3
CRD NN VB, 3
VM0 VB CRD, 3
CJT DPS NN, 3
AV0 VM0 VV, 3
AJ0 TO0 VB, 3
VDI PNI AJ0, 3
PNI AJ0 VM0, 3
NP0 PNP VHB, 3
NN NP0 VDB, 3
PNI PRF PNP, 3
CJC PRP DT0, 3
PNI PRF NN, 3
PNI PNQ VV, 3
NN CJC CJS, 3
VV AVP TO0, 3
VV DT0 PNI, 3
PRP VV NP0, 3
NN AVQ VDB, 3
DT0 VV NN, 3
PNQ VV AVP, 3
DT0 PRP DPS, 3
PNP AVQ TO0, 3
VHI VV DPS, 3
VDB PRP PNP, 3
XX0 VV PNX, 3
PNI CJS CJS, 3
DT0 AJ0 AV0, 3
NN CJS AT0, 3
PNI VV AT0, 3
CRD NN NN, 3
AV0 VM0 VB, 3
VHB VV AVP, 3
VB NN PNP, 3
DTQ VB DPS, 3
CJC AV0 DPS, 3
AVQ VB AJ0, 3
VV AT0 DT0, 3
VB AJ0 CJT, 3
DT0 DT0 VV, 3
DT0 VHB TO0, 3
PRP NN PRF, 3
VHZ AT0 NN, 3
NN AVQ PNP, 3
PNQ VV AT0, 3
PNP NP0 NN, 3
AV0 AVQ VB, 3
NN VHZ AT0, 3
CRD PRP CRD, 3
VHZ XX0 VV, 3
TO0 VB AVP, 3
XX0 DTQ PNP, 3
VV AVP ITJ, 3
VV VM0 PNP, 3
PRP PNP AJ0, 3
VV PNP ORD, 3
DPS AJ0 NP0, 3
VV CJC PNI, 3
NN DTQ AT0, 3
AJ0 VV AVP, 3
PNQ VB NN, 3
NP0 DT0 VB, 3
PNP AV0 VHD, 3
NN CJS EX0, 3
AJ0 VB VV, 3
AJ0 CJS AT0, 3
XX0 AJ0 PNP, 3
NP0 AVQ VM0, 3
VDI TO0 VV, 3
AJ0 PRP DPS, 3
VV NN DT0, 3
VV PNX AJ0, 3
AV0 VB NN, 3
PNP VB CJC, 3
PRF AT0 CRD, 3
AJ0 VB AV0, 3
DTQ PRP PNP, 3
PNI VM0 VB, 3
PNP VV EX0, 3
PNQ VV VV, 3
AVQ NN VB, 3
VV DPS AJS, 3
AV0 VDZ XX0, 3
AJ0 DPS AJ0, 3
AV0 AT0 DT0, 3
AVP DT0 NN, 3
PNQ VV PNP, 3
NN VM0 VDI, 3
NN PRF PNI, 3
VB AJ0 AT0, 3
AVP AT0 NP0, 3
AJ0 AV0 AJ0, 3
XX0 PRP DT0, 3
ITJ PRP AT0, 3
AV0 EX0 VM0, 3
CJC VDB PNP, 3
VHB XX0 VHN, 3
AT0 NN VDD, 3
VB AV0 XX0, 3
DT0 PNP VM0, 3
DTQ PNP VDD, 3
AV0 AJ0 ITJ, 3
CJT PNP VHB, 3
PNQ VB NP0, 3
DT0 NN AJ0, 3
VHB DPS AJ0, 3
DT0 CRD NN, 3
PNQ PNP VB, 3
VV PNI AJ0, 3
AV0 AV0 ITJ, 3
PNP NP0 PNP, 3
XX0 DT0 AJ0, 3
VV DTQ VM0, 3
XX0 AV0 DTQ, 3
PNQ AV0 VV, 3
AV0 ITJ PNP, 3
VHZ AT0 AJ0, 3
NN NP0 POS, 3
VB VB VV, 3
VV AV0 AVP, 3
NN ITJ PNP, 3
VB PNP PRP, 2
AVP PRP PRP, 2
NN NN AVP, 2
DPS NN DT0, 2
DT0 PNP AV0, 2
AT0 AJS PNP, 2
PRF DT0 AT0, 2
PRP AV0 AJ0, 2
AV0 DTQ NN, 2
ITJ DTQ VM0, 2
NP0 PRP NP0, 2
AV0 VDD PNP, 2
CJC CRD NN, 2
NP0 DTQ VB, 2
NP0 VB DPS, 2
TO0 VV TO0, 2
PNP AJ0 VB, 2
VV NN AT0, 2
PRF VV PRP, 2
NP0 ITJ PNP, 2
VV PRP AVP, 2
AJ0 AVP AV0, 2
DT0 PRP PRP, 2
PNP NN PRP, 2
AT0 CRD AT0, 2
AVQ AVQ PNP, 2
PNI PNP VHB, 2
AVP NN AJ0, 2
PRP NP0 AVQ, 2
PNI AV0 AV0, 2
ITJ PNQ VM0, 2
VDD PNP NN, 2
CJC AV0 CJC, 2
PNP VDB AV0, 2
PNI CJT VB, 2
AJ0 VB AJ0, 2
TO0 VHI AJ0, 2
AVQ PNP VHZ, 2
VM0 VHI PNP, 2
CJT VB PNI, 2
NP0 PNQ VV, 2
UNC UNC NN, 2
VV AJ0 DT0, 2
XX0 AV0 PRP, 2
NN DTQ VHZ, 2
NN VHB DT0, 2
AV0 AJ0 DPS, 2
AV0 VV VB, 2
VB VDN VB, 2
AV0 ITJ AJ0, 2
NP0 PNP AV0, 2
AV0 NN AV0, 2
ITJ AV0 VDB, 2
DT0 VV NP0, 2
VV DT0 AVP, 2
CJS PNI VV, 2
VDZ PNI AV0, 2
VDI PRP DPS, 2
CJS DT0 PRF, 2
VB PRF NN, 2
DT0 VV AT0, 2
VDD PNP NP0, 2
CJT VM0 TO0, 2
CJC AT0 AJS, 2
AV0 VDI PNI, 2
AV0 NN PRF, 2
AV0 VHD AT0, 2
AV0 ITJ AV0, 2
NN AJ0 VM0, 2
AJ0 NP0 PNP, 2
CJS CJS AT0, 2
CJC VV PNI, 2
XX0 VV VV, 2
PNI PRP NP0, 2
VB DT0 PNI, 2
VV AV0 ORD, 2
CRD PRP AT0, 2
AV0 PNP ITJ, 2
PRP VV AJ0, 2
AV0 VDB NP0, 2
AV0 NN PRP, 2
VHI PNI TO0, 2
PNQ VV PRP, 2
CJC NN VV, 2
VHB AT0 AJC, 2
PNP CJC VB, 2
VV PNP PNX, 2
PRF PNI AV0, 2
VB AT0 PNI, 2
PRP AT0 PNI, 2
PNP ITJ VV, 2
VDI PNP NP0, 2
XX0 AJ0 AJ0, 2
AV0 VV XX0, 2
DT0 CJT PNP, 2
PNP VHB DT0, 2
VV PNX PNX, 2
DT0 NN VHB, 2
ITJ AV0 PRP, 2
AT0 NP0 TO0, 2
PNP AJ0 NP0, 2
AT0 AV0 AV0, 2
AV0 AV0 DPS, 2
AV0 VDD VV, 2
CJT VM0 VB, 2
CRD PRF DPS, 2
VM0 TO0 VDI, 2
AT0 CRD NN, 2
PNP DT0 AV0, 2
VM0 PNP NP0, 2
NP0 NP0 AV0, 2
DT0 AV0 VB, 2
CRD VB PRP, 2
VB VDG PNP, 2
NN VHB NN, 2
PRF NN CJT, 2
PRP AT0 AJS, 2
AVP PRP PNX, 2
CJC PNP ITJ, 2
AV0 AT0 AV0, 2
AJ0 PRP PNI, 2
VDB PNI PRP, 2
VV PNP CJT, 2
VHZ AJ0 NN, 2
AJ0 VDB XX0, 2
AV0 PNP NP0, 2
VV CRD CJC, 2
VV PUQ VB, 2
PRP AJ0 PNP, 2
VV PNI DT0, 2
XX0 DT0 DT0, 2
AJ0 PNI PNQ, 2
VB XX0 NN, 2
VHI VV AT0, 2
AJ0 VDB PNP, 2
VV ZZ0 AT0, 2
PNI TO0 VB, 2
VV NP0 AT0, 2
AJ0 VM0 DT0, 2
VHI AT0 AJC, 2
NN CJT AV0, 2
VV ITJ AJ0, 2
AV0 AVQ PNP, 2
VB AVQ NN, 2
POS AJ0 AV0, 2
VV AVQ VM0, 2
PNP NN ITJ, 2
PNP NP0 CJS, 2
PNI VV TO0, 2
VB PRP NP0, 2
NN VB NN, 2
PNP VDD AV0, 2
CJC DPS AJ0, 2
DTQ PNP VHD, 2
AT0 CRD CJC, 2
NN AV0 DPS, 2
PNP VB ORD, 2
CJS AV0 NP0, 2
TO0 VHI DT0, 2
ITJ PRP DT0, 2
VV VV PRF, 2
PNP VDB VHI, 2
PNI AV0 PNP, 2
CJC PRP AJ0, 2
VB AVQ NP0, 2
AVQ AV0 DT0, 2
ITJ AVQ VB, 2
VV DT0 TO0, 2
CJC AV0 CRD, 2
AVP PRP PNI, 2
PNI CJS PNP, 2
CJS PRP NN, 2
PNP CJC NP0, 2
NN CJT PNI, 2
VB DTQ VB, 2
PNP VDB AT0, 2
NP0 VDB PNP, 2
AV0 PUQ NN, 2
AJ0 NN PUQ, 2
VDB AJ0 NN, 2
ITJ DTQ VV, 2
NN VDB DPS, 2
AJ0 TO0 VDI, 2
AV0 PNP VHZ, 2
VM0 DT0 VDI, 2
VDN VB VDN, 2
ITJ NN CJC, 2
PRP PNP AVP, 2
PNP VM0 CJC, 2
PRP NN ORD, 2
PRF PNP PRP, 2
DT0 CJT NN, 2
VV AV0 VDB, 2
VV AT0 AJC, 2
AV0 PRP DTQ, 2
VV AV0 DTQ, 2
DT0 VB CRD, 2
AVP PNP VHB, 2
PNI AJC CJS, 2
DPS NN AVQ, 2
AV0 AV0 XX0, 2
VDD AT0 NN, 2
VHN DT0 NN, 2
VV ITJ ITJ, 2
VHD AV0 VDI, 2
PNQ VB DT0, 2
PNX CJC AV0, 2
NN AV0 VB, 2
NN AVQ VM0, 2
DT0 NN AVQ, 2
VB AV0 CJC, 2
EX0 UNC XX0, 2
AT0 ORD PNI, 2
ITJ EX0 VB, 2
PNQ VB PRP, 2
AT0 AJC PNP, 2
ITJ AV0 ITJ, 2
CJT NP0 NN, 2
PNP VHD PRP, 2
VM0 VV XX0, 2
AV0 NN CJC, 2
VV PRF DT0, 2
VB NN DT0, 2
VHB PNP VDN, 2
VV PNI VB, 2
CJC NP0 CJS, 2
VM0 AV0 NN, 2
POS NN VV, 2
CJC AJ0 DPS, 2
CJC PNI PNI, 2
PNP VM0 PNP, 2
VV VV DTQ, 2
AV0 CJC DPS, 2
PUQ DT0 NN, 2
VHI PNI AVP, 2
PNP NN CJC, 2
NN NP0 CJS, 2
DT0 AV0 NN, 2
AV0 VDD NP0, 2
PNP VHD PNP, 2
VV VB PNP, 2
VV AVQ VDD, 2
AV0 POS NN, 2
PRF NN AVP, 2
CJC VB VV, 2
DTQ VV TO0, 2
NN VHZ VDN, 2
VHB VHN DT0, 2
AJ0 ORD NN, 2
PRF NN AVQ, 2
CJS PNP DT0, 2
VDD PNP VHI, 2
VB NP0 VDG, 2
ORD NN NP0, 2
VV PRF AJ0, 2
ITJ VV TO0, 2
NP0 AT0 NP0, 2
VM0 VM0 DT0, 2
DT0 PRF DT0, 2
AJ0 CJC NN, 2
AV0 PNP DT0, 2
DT0 VM0 TO0, 2
VV AJ0 NP0, 2
DTQ VB NP0, 2
CJT CJS PNP, 2
NP0 PNP VHZ, 2
NN PNP VDD, 2
DT0 VB CJS, 2
PNI VM0 VHI, 2
PUQ VB AJ0, 2
VV AV0 VM0, 2
PNP NN VHB, 2
DT0 VV VV, 2
DT0 PRF NN, 2
PNP VHB AJ0, 2
VV PNP VHZ, 2
AJ0 NN DPS, 2
XX0 PNP AJ0, 2
PNP VDD NN, 2
NP0 PNP VDB, 2
CJT AV0 AT0, 2
CJS NN VB, 2
PNP VV ORD, 2
VB PRP AJC, 2
PRF NN POS, 2
TO0 AV0 VV, 2
PNP VDB PNP, 2
VDB DPS NN, 2
NN CJT VB, 2
VV PUQ NN, 2
VHI TO0 VDI, 2
VV DTQ DT0, 2
VV PNP EX0, 2
NP0 AVQ PNP, 2
CJS CJS NP0, 2
NN AT0 AV0, 2
NP0 NN UNC, 2
PUQ AV0 PRP, 2
CJC NN VHB, 2
NP0 CRD PRF, 2
XX0 PNP AT0, 2
VV DTQ AT0, 2
PNI CJC PNP, 2
PUQ PNP VB, 2
PRP AV0 DT0, 2
DTQ AV0 VM0, 2
NP0 VDB PNI, 2
PNI PRP AJ0, 2
AVP VV VV, 2
CJC DT0 VM0, 2
AJ0 NP0 VB, 2
PNI AV0 CJC, 2
VHN AT0 NN, 2
DT0 AJ0 VV, 2
CJC NP0 AT0, 2
PNP NP0 AV0, 2
XX0 AV0 DPS, 2
AT0 NN ORD, 2
CJC AJ0 PRP, 2
AV0 PNP AJ0, 2
VB AJS PRP, 2
VB VB PNP, 2
VM0 VHI VDN, 2
AV0 AV0 AJC, 2
AVQ AVQ AVQ, 2
NN DT0 DT0, 2
UNC UNC ITJ, 2
AJ0 DT0 DT0, 2
VV CJT CJS, 2
AV0 AVQ AJ0, 2
PNI AJ0 CJC, 2
VV CJS NP0, 2
PRP PNI AJ0, 2
DPS NN XX0, 2
PRP NN CJT, 2
PRP PNI TO0, 2
CJC CJS PNI, 2
DTQ AV0 VDD, 2
PRF VV PNP, 2
CJT DT0 AJ0, 2
VB DT0 NP0, 2
ITJ PRP VV, 2
PRP NN ITJ, 2
PRP PNX CJC, 2
NN DT0 VM0, 2
PUQ AT0 ORD, 2
PNP DT0 VM0, 2
NP0 UNC NP0, 2
DT0 AJ0 PRP, 2
AV0 NN VM0, 2
PNP AV0 XX0, 2
AVP NP0 PNP, 2
PRP DT0 VB, 2
VHI DPS NN, 2
DT0 VV AJ0, 2
NP0 NN NP0, 2
CJC PRP AT0, 2
AV0 AV0 TO0, 2
VV CJT DT0, 2
VV PNX NN, 2
AV0 VM0 VHI, 2
VDI PRP DT0, 2
DPS DPS PNP, 2
AT0 ORD PRF, 2
VB AV0 CJS, 2
VDD NN AV0, 2
CJC VHB AT0, 2
DTQ VB VDN, 2
AJ0 PRF NN, 2
PRP DTQ VV, 2
AV0 VV ITJ, 2
CRD NN CJC, 2
NP0 NP0 PRP, 2
PRP NN DPS, 2
VDZ PNP VHI, 2
PNP DT0 PNP, 2
AJC PNP VV, 2
PRP NP0 PNP, 2
VHZ VB PRP, 2
NP0 AV0 CJC, 2
PNQ VV DTQ, 2
CJS DPS AJ0, 2
PUL DT0 VV, 2
TO0 VB PNP, 2
VV VM0 VB, 2
VM0 VHI NN, 2
VM0 VB CJS, 2
VDN PRP AV0, 2
ITJ DPS DPS, 2
PNP AVP NN, 2
VDI PRP NP0, 2
VV PRP CJS, 2
TO0 VB PNI, 2
NN XX0 AV0, 2
CJS VV PRP, 2
CRD VDB XX0, 2
VDB DTQ PNP, 2
NN VV CJT, 2
AV0 CJS NN, 2
XX0 NN VB, 2
VV VV NP0, 2
DT0 VM0 VDI, 2
VHB XX0 PNP, 2
CJC AV0 AT0, 2
PNP AJ0 CJC, 2
PNP VHB PNI, 2
CJS CJS PNI, 2
AT0 NN CRD, 2
PNP VHD VV, 2
AV0 AJ0 VV, 2
PRP NP0 AT0, 2
PNP NN PNP, 2
AJC NN PRP, 2
PNP VB AJS, 2
VDI AT0 NN, 2
VV CJC AJ0, 2
VV AV0 VB, 2
AV0 ITJ NP0, 2
AJC NN TO0, 2
NN VB AVQ, 2
NP0 NN CJC, 2
VB AV0 CJT, 2
CRD VV PNP, 2
PNP AJC NN, 2
CJC DTQ AJ0, 2
DTQ DT0 VB, 2
PRF NP0 VV, 2
NP0 DPS AJ0, 2
AJC NN CJS, 2
PNP ITJ AV0, 2
AJS PRF DT0, 2
NN CJS AV0, 2
DT0 AJ0 NP0, 2
PNI CJC AT0, 2
PRF PNP NN, 2
VV PNQ VM0, 2
VM0 VB PRF, 2
VHZ VV AT0, 2
VB NN AJ0, 2
VB AV0 AVP, 2
PNP CRD VV, 2
NN PUQ AT0, 2
VDI PNI TO0, 2
VB VDG AT0, 2
AV0 NN VDB, 2
DT0 NN VDZ, 2
PNP VDD CJC, 2
DT0 NN XX0, 2
CJS DT0 AT0, 2
AJ0 NN PNX, 2
AV0 CJC DTQ, 2
DTQ VB AVP, 2
VV AVP CJT, 2
VHD PRP NN, 2
NN VV EX0, 2
CJC AV0 AJ0, 2
VDI PNP PNX, 2
PNP PRP AJ0, 2
AV0 AVP NN, 2
VHB VDN PRP, 2
AV0 AJ0 PNX, 2
AV0 VDB DTQ, 2
AV0 AVQ VM0, 2
VV DT0 CRD, 2
PRP DT0 AV0, 2
AV0 CJC AJ0, 2
VB PRP CRD, 2
VV XX0 TO0, 2
XX0 NN NN, 2
XX0 CJT PNP, 2
VB VDN NN, 2
PNP AT0 NP0, 2
AT0 NN EX0, 2
UNC NP0 NP0, 2
PNI AVP PRP, 2
XX0 PNP NP0, 2
PNI PRP PRP, 2
VB NN AVP, 2
NN CJS VV, 2
VM0 VB NP0, 2
VHI DT0 AJ0, 2
NP0 VV CJS, 2
VB PNP CJC, 2
NN CJS NN, 2
VV CJC NN, 2
AV0 DT0 CJS, 2
AJ0 PNP VHD, 2
AJ0 NN XX0, 2
NP0 VM0 VDI, 2
PNP PNP AV0, 2
PNQ VDB PNP, 2
ITJ ITJ CJS, 2
ITJ DTQ AT0, 2
PRF NN NP0, 2
CJS NP0 VM0, 2
NP0 NN TO0, 2
NN AV0 AT0, 2
VV AVP AVQ, 2
AVQ DT0 AJ0, 2
VHZ TO0 VV, 2
VDI PNP AT0, 2
VHB VDN PNP, 2
AJ0 NP0 VV, 2
PNI VV AJ0, 2
AVP VB PRP, 2
PNI AVP AT0, 2
AJ0 TO0 NN, 2
PNI VB AVP, 2
NP0 CJC AV0, 2
AJ0 CJC NP0, 2
NN PNP AJ0, 2
VB VV AJC, 2
VM0 VM0 AV0, 2
PRP VB AT0, 2
NN NN DT0, 2
PNI AJ0 VV, 2
AJC CJS DT0, 2
VHI VV TO0, 2
VV VDB PNP, 2
NN CJC NP0, 2
AVQ VV PNP, 2
VB AJC TO0, 2
VV PNP VHI, 2
CJT AV0 VV, 2
AVQ DT0 AJC, 2
VB XX0 DTQ, 2
NN PNP VHD, 2
AJ0 CJT AT0, 2
XX0 VB AT0, 2
AJ0 AJ0 DPS, 2
DT0 PNP VHD, 2
XX0 AJ0 TO0, 2
AV0 VDD XX0, 2
CJT NN VB, 2
VM0 PNP ITJ, 2
AT0 NN AJC, 2
VB CRD NN, 2
AT0 NP0 AT0, 2
VB PNI PRF, 2
TO0 NN AV0, 2
AVQ AJ0 NN, 2
VDD VV DPS, 2
NP0 DPS NN, 2
VB CJC AT0, 2
AJ0 VV NN, 2
AV0 VV CJS, 2
ITJ NN AV0, 2
VB NP0 PNP, 2
PNP PNI PNP, 2
XX0 PNP VB, 2
VV AVQ NN, 2
DT0 PNP VB, 2
DTQ PRP NP0, 2
VB VDN PRP, 2
POS NN VM0, 2
CJS NP0 NN, 2
AV0 XX0 TO0, 2
AVP NN NP0, 2
AJ0 NN VHD, 2
VB AJ0 DT0, 2
CJC VM0 XX0, 2
PNQ VB AJ0, 2
AJ0 VV VV, 2
PNP XX0 VV, 2
PRF NN CJS, 2
CJC NN DT0, 2
VB PNI CJS, 2
VHI TO0 VB, 2
DT0 DPS AJ0, 2
PNP DTQ PNP, 2
ITJ AJ0 PNP, 2
VM0 AV0 VDI, 2
PNI VB PRP, 2
DTQ CJS EX0, 2
AV0 VHI DT0, 2
ITJ AVQ AJ0, 2
AJS NN NN, 2
VV VB NN, 2
VV VDB XX0, 2
AV0 CJC NN, 2
AV0 PRP VV, 2
PNI VV AV0, 2
POS NN AVP, 2
CJC VV DTQ, 2
PRP VV AT0, 2
CJT VV AV0, 2
NN PNX VDB, 2
PNQ VB AV0, 2
ITJ ITJ DPS, 2
VHB DPS NN, 2
DPS AV0 DT0, 2
PRF PNP AT0, 2
NP0 VV NP0, 2
VB NN AT0, 2
ORD PRF PNP, 2
ZZ0 AT0 AJ0, 2
PRF NP0 VB, 2
XX0 VV VB, 2
VHI VV AJ0, 2
PRP PNP AT0, 2
PRF NN PNP, 2
DTQ VM0 VB, 2
AJ0 PRP NP0, 2
UNC UNC VV, 2
VB PRP VV, 2
ITJ DT0 VM0, 2
AV0 NP0 AV0, 2
AVP CJS AT0, 2
NN CJT NN, 2
PNQ TO0 VV, 2
XX0 VV PRF, 2
CJC VV AV0, 2
NP0 VM0 PNP, 2
NN PNP NN, 2
CJC PNP CJC, 2
AV0 CJC VB, 2
ITJ VV AJ0, 2
AJ0 EX0 VB, 2
VDI VB NN, 2
CJS PNP VHZ, 2
PRF AT0 AV0, 2
XX0 AV0 DT0, 2
DT0 AT0 AJS, 2
DPS AV0 AJ0, 2
DT0 VB PRP, 2
VDN PRP PNP, 2
NN VHZ TO0, 2
AT0 PNI PNQ, 2
PRF PNP VB, 2
AVQ NP0 VV, 2
VV DPS AJC, 2
PRF NP0 PRP, 2
PRP AVP AV0, 2
PNP VDI PRP, 2
VV VV ITJ, 2
DT0 VV PUR, 2
CJC PRP AVQ, 2
NN DT0 AV0, 1
PNP AVP TO0, 1
VM0 NN NP0, 1
VV NP0 ITJ, 1
CJC AJ0 VM0, 1
CJC AV0 CJS, 1
NP0 VHZ TO0, 1
PRP NN CRD, 1
PRP VB AJ0, 1
VV CJT PNI, 1
AVQ AJ0 AT0, 1
AT0 AJS CJC, 1
AVP PNP AV0, 1
AT0 AJS VV, 1
XX0 VHI DTQ, 1
VDI DT0 AT0, 1
PUL NN VV, 1
PRP VB NN, 1
VV VDN PRP, 1
VV AT0 AJS, 1
AVQ VM0 PNI, 1
VV PNP PUQ, 1
NN NP0 VHB, 1
AV0 AJ0 ORD, 1
ITJ DTQ VDD, 1
DTQ NN VDB, 1
XX0 PNI VV, 1
PRP TO0 VV, 1
AV0 AVQ TO0, 1
PNP VHI PNP, 1
NN VHD VV, 1
UNC ITJ VHB, 1
CJC VM0 VV, 1
NN CJC AVQ, 1
AJ0 DTQ PNP, 1
DT0 AV0 NP0, 1
VDN PNP VV, 1
AVQ VHB AT0, 1
VM0 PNI AJ0, 1
XX0 VDG PNI, 1
PNP DT0 AVP, 1
AJ0 PNI CJT, 1
CJC CRD PRP, 1
VB VDZ XX0, 1
AJ0 PRP VB, 1
NN VHZ AV0, 1
DT0 NN EX0, 1
XX0 VHN AV0, 1
ORD AVP CJC, 1
AJ0 PRF AJ0, 1
AT0 NN PNI, 1
ITJ VHB PNP, 1
AT0 AV0 PNP, 1
TO0 VDI AJ0, 1
CJS NN CJC, 1
VHZ VV AJ0, 1
VV NP0 PNX, 1
CRD XX0 CRD, 1
PNP NN CJS, 1
AV0 AVP PNP, 1
ITJ DTQ NN, 1
AVQ VDD XX0, 1
NN POS NP0, 1
VDB PNI VV, 1
ITJ PNQ VB, 1
PUR AV0 AV0, 1
ORD PNI PRP, 1
VDN PNP NP0, 1
PRP NN AVP, 1
PNI VHI DT0, 1
NP0 CJC AVQ, 1
AV0 VHN CRD, 1
TO0 NN ITJ, 1
VDN PNP NN, 1
CJT PNI CJC, 1
VM0 VDI NN, 1
DT0 DT0 AV0, 1
ITJ XX0 AT0, 1
NN CRD CRD, 1
PRF DT0 AV0, 1
AV0 VHZ TO0, 1
EX0 AV0 CRD, 1
VHD AV0 XX0, 1
ITJ VM0 XX0, 1
PNI XX0 VV, 1
AT0 AJ0 CJT, 1
TO0 PNP VB, 1
VHB AJC NN, 1
VB CJS NP0, 1
VHB VHN AV0, 1
PNI VV AVP, 1
TO0 VHI PRP, 1
VV PNX AVP, 1
DT0 AV0 AV0, 1
AJ0 XX0 TO0, 1
ORD NN PRF, 1
VV PUQ DTQ, 1
VHI CRD PRF, 1
AVQ AV0 VM0, 1
VDZ AT0 NN, 1
DT0 VM0 PRP, 1
NN POS TO0, 1
DT0 AV0 VDZ, 1
CRD CRD CJC, 1
VV AT0 PNI, 1
VDZ DT0 XX0, 1
DT0 AJ0 UNC, 1
XX0 AT0 CRD, 1
AVP NP0 VV, 1
AVQ PNP VDZ, 1
VDN AV0 CJT, 1
PNP VHB NP0, 1
CJS VV PNP, 1
PNP DTQ PRP, 1
CRD CJC NN, 1
AVQ AV0 AT0, 1
VDD VV DT0, 1
NP0 PNP ITJ, 1
VHB AV0 AV0, 1
VV NP0 DPS, 1
VHB PNP CRD, 1
VV CJS EX0, 1
CJS PNP CJC, 1
CJC DTQ VHZ, 1
VV DPS VV, 1
ITJ ZZ0 CJT, 1
CJC PNP UNC, 1
NN AJ0 TO0, 1
NN DTQ UNC, 1
AV0 VDD DTQ, 1
VDI AVP AV0, 1
XX0 VV ORD, 1
XX0 CRD CRD, 1
AVQ NN PRP, 1
CJC VDZ PNI, 1
VHB VHN PNP, 1
NP0 XX0 AV0, 1
NN POS AV0, 1
NN AVP PNP, 1
PRP PNQ VB, 1
NP0 NN EX0, 1
ITJ AVQ PRP, 1
POS TO0 VV, 1
VB EX0 AV0, 1
CJC CJT EX0, 1
DT0 PNQ VB, 1
VM0 XX0 CJC, 1
VV VV CRD, 1
AJ0 AJ0 PNI, 1
VM0 CJC CJS, 1
DT0 DT0 PRF, 1
AVQ AV0 VB, 1
UNC DTQ VB, 1
VHB XX0 DT0, 1
NP0 NP0 VHZ, 1
NN CJC CJC, 1
UNC VV NN, 1
VHN PNP AV0, 1
PNI PRF AT0, 1
AJ0 PNP AV0, 1
VV AVQ VDB, 1
VDZ XX0 PNI, 1
CJC PNI PNP, 1
VDI NN VB, 1
NN VHB NP0, 1
AVQ AV0 DPS, 1
CJC CJS VV, 1
AV0 CJC PRP, 1
CRD CRD AT0, 1
VV CRD ORD, 1
EX0 VB VV, 1
PNP VHZ DT0, 1
AV0 VHD PNI, 1
VV AJC NN, 1
VV PNX CJC, 1
NP0 NP0 VDB, 1
CJS PNI VM0, 1
NN PNP DT0, 1
PNI VB AJC, 1
CJC AVQ VDD, 1
AJ0 CJC CJS, 1
VDD VV PNQ, 1
NN VDB PNI, 1
PNP PNI AJC, 1
UNC AJ0 PNP, 1
VDB VV AJ0, 1
AJS VV NN, 1
AV0 PRP CRD, 1
NP0 VB DT0, 1
DTQ VV DT0, 1
CJT AV0 VB, 1
ITJ UNC CRD, 1
VDI PNP AJ0, 1
VHN AV0 AV0, 1
CJC XX0 AT0, 1
UNC ITJ AV0, 1
AVP TO0 VB, 1
NN PUR AV0, 1
PNP AVQ VB, 1
PNQ PNQ VB, 1
AT0 AV0 DT0, 1
AV0 DT0 CJC, 1
CJT VHZ AV0, 1
AV0 AJC AV0, 1
CJS EX0 VM0, 1
DT0 AV0 VV, 1
PRF VV AT0, 1
NN CJS DT0, 1
VV DTQ NP0, 1
EX0 VB DPS, 1
DT0 CJC PNP, 1
CRD AV0 AV0, 1
DTQ PRP AJC, 1
PUR PUL DT0, 1
VDB VB NN, 1
PNX ORD NN, 1
AJC NN PNX, 1
AJC NN PRF, 1
PRP VV DT0, 1
AV0 AT0 AJS, 1
XX0 VV VM0, 1
PNP CJC CJC, 1
VDB PNI NP0, 1
AJ0 AV0 VV, 1
DTQ VV NN, 1
AVP NN VV, 1
DPS DT0 NP0, 1
ITJ PNI VV, 1
AVP DT0 PRF, 1
VHI DTQ PNP, 1
PNI VHZ AV0, 1
NP0 VHB VB, 1
CRD ORD NN, 1
DT0 VM0 AV0, 1
VDN PNI PRP, 1
XX0 AV0 NN, 1
ITJ AJ0 VV, 1
ITJ XX0 DT0, 1
AVP PNI VV, 1
AVP PRP AVQ, 1
NN CJS NP0, 1
VDI AV0 NP0, 1
AT0 DT0 DT0, 1
TO0 VV VB, 1
PNP VHZ TO0, 1
CRD NN PNQ, 1
CJC AVQ PNP, 1
CJC AV0 AVQ, 1
ITJ NP0 AJ0, 1
CJC AT0 AV0, 1
VHB XX0 AV0, 1
ITJ ITJ CJC, 1
VDI PNP PRP, 1
UNC NN NP0, 1
PNP ITJ UNC, 1
VV NP0 TO0, 1
CJC AT0 AJC, 1
CJS PRP AJ0, 1
AVQ NP0 CJC, 1
VB AVQ DT0, 1
ITJ AVQ VDZ, 1
PNP AV0 DPS, 1
CJC CRD CRD, 1
PNX AV0 NN, 1
TO0 VDI CJC, 1
AVP CJS CJS, 1
VHB VDN PNI, 1
PNI PRF AJ0, 1
AT0 NP0 DPS, 1
NP0 AV0 AT0, 1
ITJ CRD CRD, 1
PNQ VHD AT0, 1
VHI VV PRF, 1
UNC NN VB, 1
PNI AV0 PRP, 1
DTQ NN VB, 1
VM0 VV ORD, 1
DTQ VM0 VHI, 1
DTQ NN PRP, 1
CJC VHZ PNP, 1
DTQ NN VDD, 1
VDG VV PNP, 1
ITJ CJC DT0, 1
DPS AJ0 AVP, 1
VV CJC DTQ, 1
AVP DTQ VV, 1
VV AJ0 VV, 1
PNP DTQ VB, 1
NN VDG AV0, 1
VHN AV0 DT0, 1
CJC DTQ AV0, 1
AT0 NN VDB, 1
PNP DTQ TO0, 1
CJS VV AVP, 1
VDB VDB XX0, 1
PNI CJC PNI, 1
CJS PNP VHD, 1
VDB XX0 EX0, 1
CJS VM0 PNP, 1
PNP VB ITJ, 1
PNI DPS DT0, 1
AV0 CJT AV0, 1
DT0 VB PRF, 1
AJ0 VB PRP, 1
AJ0 VDZ PNP, 1
VHB AT0 AV0, 1
NN CJT NP0, 1
PUQ AV0 VV, 1
NN CJC VM0, 1
CJS PNP NP0, 1
PRF PNP AVP, 1
VDD DTQ PNP, 1
AJC AV0 AV0, 1
DTQ VDZ AV0, 1
PRP DTQ VB, 1
CRD CJC AJ0, 1
AJ0 VB XX0, 1
PRF PNI AJ0, 1
AJ0 AVQ PNP, 1
VV PUQ AV0, 1
VDB CJS PNP, 1
VDB VV VDB, 1
AVP CJC AT0, 1
DT0 AV0 AVP, 1
AJ0 DTQ VM0, 1
PRF NP0 AT0, 1
PNQ VB PUQ, 1
VHB AV0 DT0, 1
VV TO0 NP0, 1
AV0 TO0 VHI, 1
PRP AJ0 AV0, 1
VV CJT AVQ, 1
AV0 DT0 AT0, 1
PNP VDZ PNP, 1
VM0 VV CRD, 1
CJC AVQ AV0, 1
PNP AV0 TO0, 1
PNI VV PRF, 1
AV0 AVQ DT0, 1
VHI DT0 AT0, 1
VHI VDN PNP, 1
NP0 ITJ ITJ, 1
VB NN DTQ, 1
DT0 AJ0 PNP, 1
PRP PNI PRP, 1
AV0 VHI TO0, 1
DTQ NN DPS, 1
NP0 AV0 AJ0, 1
NP0 NP0 POS, 1
DT0 PNP VDB, 1
DT0 AT0 NP0, 1
AJ0 PNI PRP, 1
AJS PRP DT0, 1
AVQ VDZ PNI, 1
NN VM0 VM0, 1
AJ0 PNI PNP, 1
NN ITJ AT0, 1
PNI AJ0 PNP, 1
ORD VV CRD, 1
PRP DTQ AT0, 1
VHI PNP PRP, 1
VV DTQ AJ0, 1
PNI AV0 POS, 1
AV0 AV0 UNC, 1
AJ0 VV CJS, 1
CJS AVQ AJ0, 1
PRP CRD AJ0, 1
VV PRF PNX, 1
VB AJ0 EX0, 1
VB VV CRD, 1
AJ0 NN ORD, 1
PRP PRP PNI, 1
AVQ VDD DT0, 1
DTQ VM0 AV0, 1
PRP PNP CRD, 1
XX0 PNI VB, 1
PNP PNQ PNP, 1
XX0 VB DT0, 1
PUQ VV AV0, 1
VHD DT0 NN, 1
VHB CJS NN, 1
VB AV0 AVQ, 1
CRD PRP NN, 1
AV0 AJS ITJ, 1
AJ0 VV AV0, 1
CJT VV AJ0, 1
AV0 PRF PNP, 1
AVQ XX0 AV0, 1
PRF DPS AJS, 1
ITJ NP0 VB, 1
NN VB VB, 1
PRF PNP NP0, 1
CJC VM0 DPS, 1
DT0 CJC DT0, 1
PNI VV AVQ, 1
CRD PRP AJ0, 1
ITJ AVQ VDB, 1
VV ORD NN, 1
VB DTQ VHZ, 1
CJC NP0 VB, 1
AV0 AJ0 EX0, 1
PRP AV0 ITJ, 1
CJT VDZ XX0, 1
PNP XX0 TO0, 1
ITJ DPS ITJ, 1
VHB AV0 VDN, 1
PRP NN PNX, 1
VV AJC CJS, 1
ITJ AV0 XX0, 1
PNP AJ0 PRP, 1
DT0 DT0 NP0, 1
AJC TO0 VV, 1
ORD NN AV0, 1
PNP VM0 PRP, 1
VDD AV0 AV0, 1
PNP AV0 AT0, 1
AJS DPS NN, 1
VDD CJC PNP, 1
VDI AV0 VB, 1
PNI VM0 VDI, 1
TO0 VV EX0, 1
PNP VDI DTQ, 1
PNI VM0 VM0, 1
DT0 AV0 DTQ, 1
DT0 VHB VV, 1
VV AV0 ITJ, 1
PRP AV0 VB, 1
VV AJ0 CJS, 1
VDZ XX0 VHI, 1
CJC CJC DTQ, 1
AJ0 AJ0 VDD, 1
AJ0 VB AT0, 1
CJC NP0 AV0, 1
NN DT0 AVP, 1
PRP NP0 VM0, 1
AVP CJC VB, 1
DTQ DPS NN, 1
PNP CJC AVQ, 1
VM0 PNI AV0, 1
DPS DPS DTQ, 1
PNQ VV DT0, 1
NN DPS DPS, 1
CJC AJ0 CJS, 1
VDN PNP DT0, 1
ORD NN PNI, 1
ITJ CJC AV0, 1
ITJ UNC AJ0, 1
NN VV AVQ, 1
NN ITJ VM0, 1
NN PNI NN, 1
VDD VV CJT, 1
NP0 VM0 AV0, 1
VB CJT DPS, 1
VDD PNP VM0, 1
DTQ DPS AJ0, 1
CRD NN AVQ, 1
AV0 PNI VM0, 1
VDI PRP AV0, 1
CJC VV CJS, 1
CJC PNI VHZ, 1
DPS ITJ DTQ, 1
CJC DPS VB, 1
VV CJC DPS, 1
CJC PRP NP0, 1
PRF VV DPS, 1
PNP PNP VHB, 1
DT0 NN PNQ, 1
DTQ NN VDZ, 1
CRD CJC AV0, 1
ITJ NN DPS, 1
NN PNI PNP, 1
PNP VDB VDB, 1
AJ0 TO0 CJC, 1
ORD AT0 NN, 1
AV0 VDN PNP, 1
NN PUQ VV, 1
VDN VB XX0, 1
VV VV PNX, 1
VDI DT0 CJC, 1
PUQ CJC CJS, 1
VDG AT0 DT0, 1
VV XX0 AV0, 1
NP0 DTQ VM0, 1
PNP PNQ TO0, 1
DPS VM0 XX0, 1
ITJ PRP NP0, 1
VDN PNP PRP, 1
PRP VV TO0, 1
PNP ITJ CJS, 1
CJC XX0 PRP, 1
PNI PRF DPS, 1
CJC NP0 PNP, 1
AJ0 AV0 PRP, 1
VDI PNI PNP, 1
AV0 DTQ VV, 1
XX0 AV0 VB, 1
PRF PNP VDB, 1
DT0 VM0 VHI, 1
CJC CJC VV, 1
AJ0 NP0 VHZ, 1
VB DT0 AVP, 1
AVP CJC NN, 1
AV0 DT0 PNI, 1
NN VB AJC, 1
VHI VV VV, 1
CJC AJ0 VB, 1
UNC NN CJS, 1
ITJ UNC XX0, 1
NP0 VB VDG, 1
PNP DTQ NN, 1
VHB AJ0 AV0, 1
VB AV0 AJC, 1
AVQ XX0 VV, 1
VV DT0 CJC, 1
PNP PNI NN, 1
AVP PNP DT0, 1
VHI NN PRF, 1
AVP PNP NN, 1
DTQ VV AV0, 1
VHD AT0 NP0, 1
PNP VV VDB, 1
VDB VV DPS, 1
CJS CJS NN, 1
UNC VM0 PNI, 1
ITJ CJC DTQ, 1
VV PNP PRF, 1
AJ0 PNP VDB, 1
ITJ NN PRP, 1
AVP DTQ VHZ, 1
VB DT0 DTQ, 1
AT0 PNI PRP, 1
PNP VDD PRP, 1
NP0 AT0 AJS, 1
NN CJS DPS, 1
CJS AV0 VV, 1
AT0 DT0 CJS, 1
AVP CJC CRD, 1
VHD PNI AV0, 1
NN AJ0 PNP, 1
VDB VV AT0, 1
PUL DT0 NN, 1
PNI VDB PNP, 1
AT0 AT0 AV0, 1
VDZ AV0 DT0, 1
CJS AT0 ORD, 1
NP0 NN DT0, 1
VB NP0 VDB, 1
PUQ AV0 AV0, 1
VM0 DPS AJ0, 1
VM0 VDI CJS, 1
PNP VHZ NN, 1
VV DT0 CJT, 1
PRP DT0 PRP, 1
AVP VV PNP, 1
ITJ PNP NN, 1
PRP DT0 NP0, 1
PNP CJC DT0, 1
CRD AV0 VV, 1
AV0 AJ0 PNI, 1
CJC AV0 NP0, 1
PRP NN PNI, 1
AVQ VB EX0, 1
NP0 NN AT0, 1
AVP PRP DTQ, 1
AV0 VHN AV0, 1
AJ0 PNP PNP, 1
DTQ PRF AT0, 1
VDD VV PNP, 1
AT0 PNI TO0, 1
VHI VDN PNI, 1
AVQ VDZ DT0, 1
XX0 EX0 PNI, 1
PNI AV0 TO0, 1
AV0 VHB PNP, 1
DT0 CJS AT0, 1
UNC VV TO0, 1
ORD PNI VB, 1
VB PNP PNP, 1
AJ0 VDD XX0, 1
PNQ VV PRF, 1
DTQ VDZ NP0, 1
PNP VHI AT0, 1
PRP NN DTQ, 1
VB DT0 TO0, 1
CJS NN VHD, 1
NP0 CJS PRP, 1
AT0 AV0 AT0, 1
NN VHZ XX0, 1
NP0 AJ0 AJ0, 1
VDI PNP NN, 1
AVP DPS AJ0, 1
EX0 VHZ TO0, 1
ITJ VDB PNP, 1
UNC XX0 PRP, 1
ITJ VV UNC, 1
CJC NN AVP, 1
VDB DT0 NN, 1
AJ0 CJS TO0, 1
VHB XX0 VDN, 1
AJ0 VB PNP, 1
POS NN DPS, 1
AV0 DTQ VHB, 1
TO0 VHI DPS, 1
VHD PNP DT0, 1
VB NP0 AV0, 1
VDZ XX0 PNP, 1
VV AJ0 VDB, 1
DPS ITJ ITJ, 1
PUQ NP0 NP0, 1
NN CJC XX0, 1
VB DT0 EX0, 1
VDB PNP ITJ, 1
AJC CJS AV0, 1
NP0 NP0 AJ0, 1
AV0 AV0 VHB, 1
DTQ ZZ0 PNP, 1
VHN PNI TO0, 1
NN AVQ AJ0, 1
DT0 NN CRD, 1
NN CRD PRF, 1
NP0 NP0 VHB, 1
NP0 VDD PNP, 1
VDB VHI TO0, 1
CJC AT0 CRD, 1
DPS DTQ AT0, 1
VB AJ0 CRD, 1
VDD PRP DPS, 1
AVP VV AT0, 1
CJS PNP VDZ, 1
VV CJS DT0, 1
CJS PNI VB, 1
PNI AV0 PRF, 1
NP0 AJ0 PNP, 1
DPS NN VDZ, 1
VB VM0 VB, 1
DT0 AJC NN, 1
AJ0 CJT NN, 1
VHD AJ0 NN, 1
VB DPS VDG, 1
AT0 PUQ ITJ, 1
AT0 AJS PRF, 1
AJ0 CRD CRD, 1
VV ITJ VV, 1
VHI AT0 ORD, 1
ITJ ITJ UNC, 1
NN NN DTQ, 1
POS NN POS, 1
DTQ VV AVQ, 1
VDB PNI PNP, 1
PRP AT0 AV0, 1
XX0 CJC VDB, 1
VHI VB AV0, 1
NP0 AV0 CRD, 1
CJS NN VM0, 1
PNP VHD AJ0, 1
VDD CJC VV, 1
VV CJT EX0, 1
DPS AJS PRP, 1
DTQ NP0 VV, 1
VB AV0 ITJ, 1
AVQ PRP DT0, 1
ITJ PNI VHZ, 1
AV0 PNP CJC, 1
VHD PNP VV, 1
ITJ DPS PNP, 1
DPS VV NN, 1
ORD PNP AJC, 1
VB DT0 ITJ, 1
ZZ0 NN NN, 1
VDG AVQ PNP, 1
VDI CJS PNP, 1
PNP NN VDG, 1
VHB DT0 AV0, 1
AJ0 NN EX0, 1
VDI AV0 CJS, 1
ITJ VDB VV, 1
CJT PNI XX0, 1
NN CJC VHB, 1
VHB VDN VB, 1
VHB PNI TO0, 1
NN PNP PRP, 1
CJC AJ0 NP0, 1
ITJ CJS AT0, 1
VB XX0 VDG, 1
AJ0 CJT AV0, 1
AVP CJC VHB, 1
ITJ NP0 CJC, 1
VDI PNI AV0, 1
ITJ XX0 AV0, 1
AJS AV0 CJS, 1
VB AJ0 DPS, 1
PRP PNI PRF, 1
ITJ NN DT0, 1
PNP AJ0 ITJ, 1
NN PRP VB, 1
VB CJS AT0, 1
PNP XX0 AV0, 1
DTQ VHD PNP, 1
DT0 XX0 VV, 1
VB DTQ NN, 1
PRP DT0 VM0, 1
ITJ DTQ CJS, 1
AT0 AJ0 DT0, 1
VV PRF AJC, 1
VHB NN PRP, 1
NP0 VHB NN, 1
VB DT0 ORD, 1
AJ0 PRF VV, 1
AV0 PNI VHZ, 1
AJ0 VB NN, 1
VB DTQ AT0, 1
AV0 DTQ PRP, 1
AVQ VHZ NP0, 1
PNP AVP CJS, 1
CRD VM0 VDI, 1
PNI AT0 NN, 1
AJ0 NP0 PRP, 1
PNP VDD AT0, 1
XX0 CRD XX0, 1
ITJ ITJ EX0, 1
AT0 AT0 NN, 1
PNX CJC DPS, 1
NP0 NN AJS, 1
PNI AV0 VM0, 1
AV0 NP0 VDB, 1
VM0 XX0 AT0, 1
VB VDG DT0, 1
DT0 NN DTQ, 1
PNP VM0 VM0, 1
PNP CRD VB, 1
PRP DT0 CJC, 1
XX0 EX0 VB, 1
NN PNX AV0, 1
PNP ORD VV, 1
NN DPS CRD, 1
VHZ AV0 VHN, 1
AVQ PRP NN, 1
VB NP0 AT0, 1
AVQ VDZ AT0, 1
TO0 NN PRF, 1
DTQ AJ0 NN, 1
VV DPS AV0, 1
VDB NP0 PNP, 1
NP0 NN AJ0, 1
PRP PNI AV0, 1
PRP NN XX0, 1
AJ0 AVQ AVQ, 1
PRP AV0 CRD, 1
AV0 VHB AJ0, 1
NP0 NN AV0, 1
ITJ CJC VV, 1
CJT VV NN, 1
DT0 CJC VV, 1
ITJ VB DT0, 1
AV0 CJT EX0, 1
PNP PNX DT0, 1
ITJ VV ZZ0, 1
VB XX0 TO0, 1
PNI VM0 PRP, 1
XX0 AV0 CJC, 1
AJ0 PRP PNX, 1
DT0 POS NN, 1
CJC NP0 VDB, 1
NP0 AJ0 PRF, 1
AV0 CJS AV0, 1
VDB VV AVQ, 1
XX0 CRD NN, 1
VB EX0 DT0, 1
VDI CJC VV, 1
DT0 CJC NN, 1
PNP NN EX0, 1
CJT PNP DT0, 1
NN AV0 VDB, 1
NN VHZ AJ0, 1
PNP AV0 VHZ, 1
CJS EX0 VV, 1
VDI DPS NN, 1
CJT AT0 NP0, 1
AV0 XX0 AV0, 1
VB CJC VB, 1
AJ0 PRP AVQ, 1
VB NP0 DTQ, 1
VM0 VB AJC, 1
PNP VB VHG, 1
NP0 NP0 TO0, 1
TO0 VHI NN, 1
VB XX0 PNI, 1
VDB NP0 AT0, 1
NP0 XX0 VV, 1
AJS NN CJC, 1
XX0 VV PNQ, 1
ITJ NP0 ITJ, 1
ITJ NN VM0, 1
AV0 VV CRD, 1
AVP AVP CJC, 1
PNP VV VHZ, 1
VDN AV0 PNP, 1
PRP NP0 AJ0, 1
AJ0 PRF AV0, 1
NP0 VM0 VHI, 1
AV0 PNI TO0, 1
CJC NN PNQ, 1
AV0 VDN NN, 1
AJC PRP NP0, 1
PRP NP0 PNQ, 1
AJS PNP DT0, 1
VHB DT0 AJ0, 1
AT0 PNI PNP, 1
CJC NP0 VHB, 1
VM0 VB AJS, 1
VDI AJ0 NN, 1
VHZ VV DT0, 1
VDD NP0 NP0, 1
CRD NN AJ0, 1
DT0 AVP PRP, 1
VHD VV NN, 1
PNP TO0 VHI, 1
NN DT0 VHB, 1
TO0 TO0 VB, 1
AV0 CJC AJC, 1
AJ0 CJS DT0, 1
PNP VDB AJ0, 1
EX0 VV TO0, 1
POS NN AV0, 1
ITJ ITJ XX0, 1
VDB PNP NP0, 1
VV DTQ DPS, 1
ITJ AV0 AT0, 1
AT0 NN VHD, 1
PNP AVP AT0, 1
CJT DT0 DT0, 1
EX0 AV0 VB, 1
DT0 VDB PNP, 1
VB PNP PNI, 1
XX0 PRP VV, 1
TO0 VDI DPS, 1
DTQ VB ORD, 1
PNP VHD DT0, 1
AJ0 CJT VV, 1
AT0 DT0 AJ0, 1
VV PRP ITJ, 1
VM0 CJS PNP, 1
DT0 VHD AV0, 1
NN PNP CJC, 1
AV0 VV VDN, 1
AV0 PNI POS, 1
PNP VHB PRP, 1
CJT AV0 DT0, 1
VHI AJ0 CJC, 1
PRF NN VM0, 1
VM0 VHI PNI, 1
AV0 DT0 VDZ, 1
AV0 XX0 NN, 1
PUQ DTQ AJ0, 1
VB VB AJ0, 1
PNX PRP AT0, 1
DT0 ITJ AJ0, 1
VB PNI AJC, 1
CJC DT0 ITJ, 1
CJC AJ0 AJ0, 1
PNP PRP PNX, 1
AVQ AT0 NN, 1
AV0 VHB DT0, 1
VHN CRD VV, 1
NN POS AJS, 1
PNP VHI PNI, 1
NN DT0 AJ0, 1
CJC PNI VM0, 1
VV VB PRP, 1
NN NP0 VM0, 1
VV DT0 ORD, 1
VDI VM0 VM0, 1
NP0 NP0 CRD, 1
CJC PNI PRF, 1
ITJ XX0 VV, 1
CJC PNI CJC, 1
VDB DTQ NP0, 1
PRP NN AJ0, 1
VM0 DTQ VB, 1
AVP AJ0 PNI, 1
PNI DPS NN, 1
DT0 DT0 PRP, 1
NP0 VHD NP0, 1
PRF VV NP0, 1
VV CRD DT0, 1
XX0 VHN AT0, 1
PRF NN AJ0, 1
ITJ AVQ XX0, 1
VV PUR NN, 1
VB AV0 VDN, 1
VV PNI CJS, 1
AVP VV PUQ, 1
POS NN AJ0, 1
AJ0 AJ0 DT0, 1
AV0 VHG AT0, 1
VV AJ0 PNI, 1
CJT VB AT0, 1
VV PUQ VV, 1
DT0 AV0 DT0, 1
AJC CJS PNI, 1
ITJ PNP VHZ, 1
VM0 PNP TO0, 1
VB DPS AJS, 1
VHZ PNI TO0, 1
AVP CRD TO0, 1
AJ0 UNC XX0, 1
PRP CRD CJS, 1
CJC AJ0 PNP, 1
VHI PNP NN, 1
PRP PRP PNQ, 1
AVP VV TO0, 1
CJC CJC DT0, 1
VV AV0 CJT, 1
CJT AV0 AV0, 1
NN NP0 AVQ, 1
POS NN DT0, 1
XX0 AVP CJS, 1
ITJ VB XX0, 1
DTQ CJS AT0, 1
PNP VHD VB, 1
VV TO0 AV0, 1
VDB XX0 AT0, 1
CJT VV AVP, 1
NP0 NN VDD, 1
VHB AT0 AT0, 1
CJC DT0 VV, 1
AJS NN AT0, 1
ORD VV DPS, 1
AJS PRP AT0, 1
VB AJ0 VM0, 1
NN VB CJC, 1
NN NN PNQ, 1
ITJ PNQ VV, 1
AJC CJS DPS, 1
ORD PRP AT0, 1
DT0 CRD VB, 1
NP0 AVQ DT0, 1
PNP DT0 CRD, 1
PNP AVP PNP, 1
AJS NN CJT, 1
VM0 VM0 PNP, 1
VDI PRP NN, 1
DT0 DTQ PNP, 1
VB XX0 AVQ, 1
CJT VV AVQ, 1
CJS TO0 VV, 1
NP0 VHD VDN, 1
CJC VB XX0, 1
NN PNQ AV0, 1
PNP DPS ORD, 1
ITJ AJ0 PRP, 1
VB VDG DPS, 1
DT0 CJS VV, 1
CJC DTQ VDZ, 1
NN PNI VV, 1
XX0 PNP VHI, 1
CJS AJ0 VDB, 1
DT0 DT0 CJS, 1
AVP NN AV0, 1
PRP VV ITJ, 1
NN VV ITJ, 1
AVP VB XX0, 1
VV DPS CRD, 1
VV NN PNQ, 1
PNI VV DT0, 1
AVP DT0 PNQ, 1
VM0 VM0 NN, 1
AJ0 VDD PNP, 1
CJC AV0 PRP, 1
PRP NN VM0, 1
AV0 NP0 CJC, 1
PNP CJS EX0, 1
VV AJ0 DPS, 1
DT0 CRD PRP, 1
VB VV PNI, 1
VV AJ0 ORD, 1
PNP AJ0 PRF, 1
CJC VHZ AJ0, 1
CJC DT0 AT0, 1
AJC TO0 AV0, 1
ORD NN VM0, 1
NN AVQ AV0, 1
AJC CJS AT0, 1
PNX PRP NN, 1
VHD PNP PRP, 1
PRP AJ0 CJC, 1
PNP PUQ NN, 1
VB DT0 PNQ, 1
VHB AJ0 PRP, 1
ITJ CRD DT0, 1
AJ0 CJS PRP, 1
TO0 NN CJC, 1
NN VB VDG, 1
NP0 VHZ VV, 1
DT0 DT0 AVP, 1
UNC UNC PNP, 1
ITJ PNI TO0, 1
AV0 CJC PNI, 1
NN PNI VM0, 1
VV VDD VV, 1
VV NN ITJ, 1
PRF DT0 CJC, 1
VHI PNI VV, 1
VDD AT0 AJ0, 1
DT0 NN VDD, 1
CJC NP0 ZZ0, 1
PUQ VV AJ0, 1
AV0 AV0 VM0, 1
PNP DT0 TO0, 1
NN VB CRD, 1
VM0 VV PNX, 1
AJ0 PRF CJT, 1
DTQ NN DT0, 1
VM0 NP0 POS, 1
NP0 VB VM0, 1
PUQ CJC AV0, 1
DT0 AJC CJS, 1
CJC EX0 AV0, 1
AJ0 VM0 VB, 1
VV CJS DPS, 1
VB XX0 EX0, 1
POS AJS NN, 1
PRF PNP DT0, 1
DTQ VM0 CRD, 1
PRP PRP VV, 1
NN PUR DTQ, 1
PNI VB XX0, 1
VB XX0 AVP, 1
CJT VM0 VM0, 1
ITJ NP0 POS, 1
XX0 NN PRP, 1
DT0 NP0 NP0, 1
AJS PRF PNP, 1
CJC CJC VHZ, 1
PRP PNP EX0, 1
CJS PNI PNP, 1
VB NN VM0, 1
PNP VHZ PNI, 1
DTQ PNI VB, 1
AT0 AJS AV0, 1
DPS DT0 AJS, 1
PRP DTQ DPS, 1
VV CRD VV, 1
NN AT0 AJC, 1
VDZ PNP VDI, 1
ITJ AJ0 NP0, 1
CJC PRP NN, 1
CJC VDB AJ0, 1
PNP VV XX0, 1
TO0 VDI NP0, 1
CJC VB NN, 1
AVQ AV0 VV, 1
UNC NN AV0, 1
DTQ VDB DT0, 1
NN CJT DPS, 1
VV UNC NN, 1
VDB XX0 DT0, 1
AV0 PNI AV0, 1
VDI VB AV0, 1
AVQ VM0 AV0, 1
PNP PNP AJ0, 1
AV0 AT0 ORD, 1
XX0 PNI VM0, 1
CJC AJS PRF, 1
NP0 VV PNI, 1
NN POS VV, 1
NP0 VM0 VM0, 1
CJC DTQ PNI, 1
AJC CJS NP0, 1
CJC AVQ NN, 1
VDI ORD NP0, 1
VHG AT0 AJ0, 1
AV0 ITJ ITJ, 1
CJC CJS VB, 1
PNI PNQ VB, 1
XX0 VHI NN, 1
VV CRD AJ0, 1
CRD AJ0 CJT, 1
NP0 NP0 ITJ, 1
NP0 ZZ0 AJ0, 1
DT0 VHB DPS, 1
AJ0 PNI AV0, 1
VDB VV NN, 1
XX0 CJT DPS, 1
VHZ XX0 VB, 1
CJC PNP VHD, 1
VHI PRP NN, 1
VHB NN AV0, 1
AJS ITJ ITJ, 1
AT0 NN DPS, 1
XX0 AT0 AJS, 1
AV0 XX0 PNP, 1
POS VV AVP, 1
AJ0 NN VDZ, 1
VV PNQ TO0, 1
PUQ NN PUQ, 1
AJC AVP PRP, 1
ITJ UNC UNC, 1
CRD CJC CRD, 1
VHI NN VV, 1
PRP AV0 VV, 1
AV0 VV EX0, 1
PNX PRP DT0, 1
VV CJC XX0, 1
DPS PNP VM0, 1
PRF VV NN, 1
AVQ CJC AVQ, 1
CJC AT0 DT0, 1
VV VM0 VM0, 1
VB VDG AVQ, 1
VB AJC AVP, 1
CRD VV TO0, 1
VDZ NP0 VDI, 1
VDI DT0 VB, 1
XX0 VDI AV0, 1
UNC XX0 PNP, 1
ORD NN CJS, 1
PNP VHB CJS, 1
ORD VV AT0, 1
PRP DT0 PRF, 1
VV XX0 VV, 1
AV0 PNI PRP, 1
CJC NN AV0, 1
PNP DTQ DT0, 1
DPS AJS DPS, 1
ITJ PNI VB, 1
DTQ VV NP0, 1
PNI VM0 AV0, 1
ITJ DPS VM0, 1
VDB CJC DT0, 1
VV AV0 PRF, 1
CJT PNI VM0, 1
TO0 AT0 NN, 1
DTQ AT0 ITJ, 1
CRD VV PRP, 1
AJ0 CJC AT0, 1
PNP CRD VHZ, 1
VHB TO0 PNP, 1
AV0 AJ0 DTQ, 1
DPS NN ORD, 1
VDD VV PRP, 1
PNQ VM0 VDI, 1
PNP CRD AV0, 1
VB VV CJS, 1
NN CJT DT0, 1
CJC NN DTQ, 1
PNP PNI AV0, 1
PNP CJT PNP, 1
DTQ VM0 DT0, 1
AJ0 AVP PRP, 1
AJ0 AV0 PNP, 1
AVQ PRP CRD, 1
VV AVQ VB, 1
AJ0 PRF AT0, 1
PRF DT0 PRF, 1
NN XX0 CJS, 1
NN NP0 AJ0, 1
DTQ NP0 VHD, 1
VHI VHN AV0, 1
PNP VHZ AT0, 1
ORD PNP VB, 1
DT0 VDD XX0, 1
NP0 AV0 DT0, 1
PNQ VV DPS, 1
PNI PRP VB, 1
AV0 ITJ NN, 1
CRD TO0 VV, 1
NN AT0 ORD, 1
DT0 AJ0 TO0, 1
TO0 VV AJC, 1
DT0 AJC PRP, 1
VHB PRP AV0, 1
VDG DTQ PNP, 1
PNP VHB CRD, 1
NP0 NN PNI, 1
VDI DT0 NN, 1
PNP VM0 ITJ, 1
VV AVQ VV, 1
CJC VV CJT, 1
NN ORD AV0, 1
AV0 CRD AJ0, 1
PNP VM0 CJS, 1
DT0 PRF DTQ, 1
VHZ VV NN, 1
NP0 PNQ VB, 1
PNP NN DT0, 1
PNP DTQ VV, 1
CJS NN PNP, 1
DT0 PNQ AV0, 1
NN ITJ DT0, 1
VDD VB TO0, 1
AJS NN PNX, 1
NN VHB XX0, 1
NP0 PNP NN, 1
PRP PRP PNX, 1
VDN PNI AT0, 1
VV CRD PNP, 1
DT0 NN ITJ, 1
VM0 DT0 NN, 1
VHD VB NN, 1
PRP NN DT0, 1
VB PNI PRP, 1
NN AJS AJS, 1
PNI AV0 VDB, 1
DT0 AJ0 CJT, 1
NP0 NN VHZ, 1
AJ0 AJ0 NP0, 1
ITJ DT0 AJ0, 1
CJC NN ITJ, 1
ITJ AVQ AV0, 1
CJC VDZ PNP, 1
VHB VV ITJ, 1
PNP VB VDZ, 1
AV0 VDN NP0, 1
ORD NN DT0, 1
ITJ PNP AJ0, 1
AV0 PRP PNX, 1
AT0 AV0 CRD, 1
VHI VV NP0, 1
EX0 VM0 XX0, 1
AT0 AJ0 CJC, 1
DPS PNP VV, 1
AJ0 PNI VV, 1
AVQ VDZ XX0, 1
CJC NP0 AVQ, 1
ORD DPS NN, 1
AV0 AV0 PNX, 1
VM0 CJC NN, 1
AV0 AV0 CRD, 1
CJS PRP AT0, 1
CJC DTQ CJS, 1
PUQ NN VV, 1
PRF CJT PNP, 1
AV0 AJ0 AVQ, 1
NP0 CRD NN, 1
AJ0 XX0 AV0, 1
DT0 CJC AT0, 1
NN PUQ ITJ, 1
AV0 VDD VB, 1
PNP VDB VB, 1
VV PRP VB, 1
VHZ PNP AV0, 1
POS AJ0 PNP, 1
VDB AT0 AJC, 1
AV0 DT0 PRP, 1
AJ0 VV AJ0, 1
PNI AVP AV0, 1
PRP AJ0 ITJ, 1
VV TO0 AT0, 1
PRP PNI CJC, 1
ZZ0 AJ0 NN, 1
DT0 PNI PRP, 1
NN AVQ NN, 1
VHI DT0 PRF, 1
NP0 AV0 PRP, 1
CJS VB AT0, 1
VV ITJ PRP, 1
AJS NN VB, 1
VHI DPS AJ0, 1
AJS NN TO0, 1
CJC DT0 AJC, 1
AVQ DT0 DT0, 1
CJT NP0 PRP, 1
PRP PRP AJ0, 1
VDB AT0 NN, 1
CJS NN AJ0, 1
ITJ CJC EX0, 1
PNI VDB PNI, 1
PRP PNX VV, 1
AV0 VDB DT0, 1
XX0 PRP AV0, 1
PNI PNP VDB, 1
NP0 VV AVQ, 1
CJS CJS DT0, 1
VV NP0 XX0, 1
PRP AV0 AT0, 1
PNI PNQ AV0, 1
VDD PNP PNI, 1
DT0 AV0 XX0, 1
VDB AV0 DT0, 1
PNP CJC ITJ, 1
NN AVQ TO0, 1
VDD NN PNP, 1
DTQ VV CJS, 1
AV0 AJC CJS, 1
DTQ NN VM0, 1
DT0 DT0 VM0, 1
AJ0 VV NP0, 1
CJS XX0 VV, 1
VDD VV CRD, 1
VHD TO0 VHI, 1
CJT VB VV, 1
AT0 CRD AJ0, 1
CJC DTQ VDB, 1
VB EX0 AT0, 1
VHI AT0 AJS, 1
PRF VB NN, 1
CJC VV VDB, 1
PRP DT0 CRD, 1
CJC XX0 VV, 1
AJ0 DT0 AJ0, 1
CRD PRP PRP, 1
CJC DTQ VHB, 1
VV TO0 CJC, 1
DT0 VV AVQ, 1
VHB ITJ VV, 1
PNX PRP PRP, 1
POS NN PNP, 1
PNP VDI PNI, 1
XX0 PNI TO0, 1
AV0 DT0 VV, 1
PNP DTQ ZZ0, 1
CJS PNP AT0, 1
DT0 AV0 PNP, 1
NP0 VDI PRP, 1
PNP NP0 CJC, 1
AJ0 CJC PNI, 1
VDG DT0 PRP, 1
EX0 PNI PNP, 1
PNP ORD NN, 1
VV PNI VDB, 1
PNP VM0 DTQ, 1
AV0 NP0 DT0, 1
PNP CRD VM0, 1
DT0 CJS AJ0, 1
PNI PNQ VM0, 1
AT0 ORD TO0, 1
VHZ VB AV0, 1
NP0 CJC DT0, 1
PUQ AV0 ITJ, 1
DTQ PNQ VB, 1
AJS CJC AJS, 1
AV0 AVP PRP, 1
VB PNI PNQ, 1
VM0 VHI CRD, 1
VB VDG VB, 1
PRF NP0 CJT, 1
CJS XX0 PRP, 1
AV0 VHI VV, 1
PNP PRP PNI, 1
CJC DT0 PNP, 1
ITJ XX0 NN, 1
AV0 VHN AT0, 1
ITJ VV ITJ, 1
EX0 DT0 NN, 1
VV AJ0 VDZ, 1
XX0 VB AVP, 1
VM0 PRP NP0, 1
CRD CJS PNP, 1
AJ0 VM0 XX0, 1
NN VHB AV0, 1
AVQ PNP VHD, 1
NN CJT AJ0, 1
NN AVP CJS, 1
AV0 PRF AT0, 1
VV VHZ VV, 1
PNI VV PNI, 1
NN XX0 PRP, 1
VM0 PNP VHI, 1
CJS DT0 DT0, 1
XX0 NN PRF, 1
VHZ DT0 NN, 1
VB NN NP0, 1
AJC AVP VV, 1
VB NP0 CRD, 1
VDI NN AV0, 1
AJ0 ITJ PNP, 1
VDZ PNP NN, 1
NN AVQ VDD, 1
PUQ NP0 POS, 1
PNI CJT VHZ, 1
NP0 NP0 VM0, 1
VDD DT0 AV0, 1
VB ITJ NN, 1
NN VB TO0, 1
PNP DT0 VDB, 1
PUQ NN AV0, 1
NN VHD AT0, 1
XX0 PNP NN, 1
NN NP0 DT0, 1
EX0 AT0 NN, 1
ITJ CJS AV0, 1
VDN AV0 AV0, 1
PRP PNX PNX, 1
PNI PNI AV0, 1
ITJ CJC ITJ, 1
CRD NN NP0, 1
TO0 VV VDB, 1
PNI PRF NP0, 1
PNP CRD VDB, 1
VV DT0 AJC, 1
AV0 VHN PNP, 1
PNP VV VHB, 1
PNI PNI VHZ, 1
VV PRP AVQ, 1
VM0 ITJ AV0, 1
CRD VHZ VB, 1
VDI PNP PNP, 1
DTQ VB CJC, 1
DT0 AJS NN, 1
CJC AVQ CJC, 1
VDZ VV PRP, 1
DTQ CJS DT0, 1
NN NN PNI, 1
CJC PNI POS, 1
AVQ VB VV, 1
DT0 VHZ AV0, 1
XX0 VHN PNI, 1
PNP VB PUQ, 1
CJS PNI PNI, 1
PNP VDZ VV, 1
PUQ VV AVP, 1
PNX VDB XX0, 1
VV NP0 VHD, 1
CJT EX0 VV, 1
ORD NN AT0, 1
VV AJ0 DTQ, 1
AV0 VDB VV, 1
PNP VHD XX0, 1
AVQ AV0 AV0, 1
CJT NN NN, 1
DTQ UNC XX0, 1
VHD XX0 VB, 1
AT0 NP0 VHB, 1
NN VDI PNP, 1
VV VV VM0, 1
PNP ITJ VB, 1
VHZ TO0 VHI, 1
VB AJ0 VDB, 1
AV0 DPS CRD, 1
VB PRP DTQ, 1
AVQ VDD AT0, 1
PNP PRP DTQ, 1
VV EX0 VM0, 1
AV0 ITJ VM0, 1
DTQ VM0 XX0, 1
CJC CJT VV, 1
AJ0 AV0 VB, 1
CRD NN DPS, 1
NN VV PUQ, 1
ORD AV0 AT0, 1
NP0 NP0 PNQ, 1
AV0 VDD NN, 1
PRP AV0 PNP, 1
PNP VHB ITJ, 1
NP0 NN POS, 1
AV0 AV0 VHN, 1
NP0 POS CRD, 1
NP0 VDG AV0, 1
AV0 PNQ VB, 1
TO0 VHI VHN, 1
CRD AVP CRD, 1
VHB NN NN, 1
NN VV AJC, 1
CJC ORD PNP, 1
CJC CJC PNP, 1
AV0 AVP CJC, 1
VV PNX ORD, 1
VB AV0 AJS, 1
AV0 PNI CJC, 1
VHI NN NN, 1
CJT VB AJ0, 1
CJC PNP XX0, 1
VV AVP AVP, 1
VM0 VV VB, 1
VHB PNI PRP, 1
PNQ VB AVP, 1
TO0 VDI ORD, 1
VV TO0 TO0, 1
VV AV0 VDZ, 1
AV0 AJC AVP, 1
PNP AT0 AJS, 1
CJS AV0 AT0, 1
AV0 ITJ VV, 1
PNP AJ0 DTQ, 1
PRP PNI PNP, 1
AJ0 VV AT0, 1
AJ0 AV0 NP0, 1
PRP VDG DTQ, 1
ITJ ITJ AT0, 1
VV VB VV, 1
VM0 VM0 VHI, 1
DT0 AV0 VM0, 1
NP0 AV0 VDD, 1
AJ0 AT0 AJ0, 1
AVP AV0 VB, 1
AV0 DPS DT0, 1
AV0 AJ0 VB, 1
AJ0 NN PUR, 1
PNP XX0 PRP, 1
AV0 CRD PNP, 1
DT0 VV CJS, 1
CJC AVP PRP, 1
VV VM0 VV, 1
VM0 PRP DPS, 1
NN VHD AV0, 1
PNP NP0 VV, 1
VM0 VB VDN, 1
CJT NN PRF, 1
VM0 NN PRP, 1
ITJ NP0 AVQ, 1
AV0 NN DT0, 1
DT0 NN CJT, 1
EX0 AV0 NN, 1
DT0 DT0 VB, 1
NP0 AVP TO0, 1
VV AJ0 AVQ, 1
VHD NP0 VV, 1
AVQ AT0 NP0, 1
NP0 CJT DPS, 1
NP0 AJ0 AV0, 1
ITJ PNP ITJ, 1
VV PRP TO0, 1
AJ0 AJ0 AT0, 1
CJC XX0 NN, 1
VHB VB AJ0, 1
PRF NP0 NN, 1
VV AJ0 AJC, 1
NN NN CJT, 1
VB DPS DT0, 1
VB DTQ VV, 1
DPS VB AV0, 1
ITJ DT0 VV, 1
VM0 AV0 AT0, 1
VHI AT0 AV0, 1
NP0 NN CJS, 1
AT0 NN PUQ, 1
DPS DTQ VHB, 1
VDG DPS NN, 1
PNI VDN AV0, 1
VB NP0 PNI, 1
ITJ DT0 DT0, 1
CJC VDD PNP, 1
CJC ITJ VV, 1
AV0 ITJ AVQ, 1
CJS AT0 NP0, 1
CRD PNP VM0, 1
NN DTQ PRF, 1
AJC NP0 CJC, 1
AV0 AVQ PRP, 1
NP0 AT0 AV0, 1
AJ0 NP0 NN, 1
XX0 NN AV0, 1
NN DTQ VDB, 1
NN VV PNX, 1
VV NN CJT, 1
PNI DT0 NN, 1
AT0 PNI AVP, 1
VV PNI VDN, 1
PNI VV VV, 1
AJ0 CJC CJC, 1
VHI PNI PNP, 1
AV0 CJC ITJ, 1
AJ0 AV0 CJS, 1
NN CJS CJS, 1
AV0 VV PUQ, 1
NN AV0 NN, 1
NN PNI PNI, 1
XX0 TO0 VB, 1
CJC AV0 PUQ, 1
PNP PUQ CJC, 1
AJ0 AJ0 PNP, 1
PRP AV0 CJS, 1
AJ0 NP0 ITJ, 1
AJ0 PRF PNX, 1
NP0 AVQ VB, 1
DTQ VB AVQ, 1
VHB VV AJC, 1
AV0 VDI CRD, 1
PNX VDB PNP, 1
AJ0 AVQ VDB, 1
DPS NN VDI, 1
POS NN PUQ, 1
NN PNQ VHD, 1
VV AJ0 VB, 1
VHB DT0 AT0, 1
DT0 VM0 VM0, 1
VV DTQ NN, 1
VB PNP XX0, 1
XX0 VV CJT, 1
PNI PRP VV, 1
CJS PUQ NN, 1
NN VV DTQ, 1
VHZ NP0 VB, 1
VB DT0 VB, 1
PNP PNQ VB, 1
VB VV ITJ, 1
ITJ AV0 DTQ, 1
PRF NN AT0, 1
ITJ AVQ VDD, 1
VV AVQ CJC, 1
VV PNI NP0, 1
NN VDZ PNP, 1
PRP NP0 TO0, 1
AJ0 NN CRD, 1
AJ0 PNX PNP, 1
TO0 VDI AVP, 1
CJC CJT PNP, 1
ITJ EX0 VM0, 1
AT0 AJ0 VM0, 1
VHZ VV AVP, 1
AVQ PNI PRP, 1
POS NN CJC, 1
VHZ VDN AV0, 1
AV0 PNI AJ0, 1
XX0 VDN DT0, 1
AV0 CJS EX0, 1
AJ0 PRP PRP, 1
ITJ VM0 VHI, 1
VB CJC VDB, 1
XX0 CJS CJS, 1
CJC TO0 VV, 1
VHI VV AVP, 1
VV DT0 POS, 1
DPS NN CJT, 1
CRD VV VV, 1
AV0 NP0 VDD, 1
PNP AV0 UNC, 1
DTQ NN TO0, 1
AV0 NP0 VDZ, 1
NN PRP AVQ, 1
PNP VHI NN, 1
CJC ITJ ITJ, 1
VB VHG DT0, 1
AVP ITJ NP0, 1
VHZ VV PNP, 1
AVP AVQ TO0, 1
CJC AJC CJS, 1
CJC PNP CRD, 1
ITJ PNI PRF, 1
DT0 VDZ XX0, 1
VHG DT0 NN, 1
PRP PNP ORD, 1
NN PNP VHZ, 1
AVP CJT AT0, 1
VHB NP0 NN, 1
AT0 NP0 DTQ, 1
AJC NN ITJ, 1
AV0 DT0 VHB, 1
VHB VV PNX, 1
POS AJ0 CJC, 1
DT0 PRP VV, 1
VDI PNI PRF, 1
CJC VHB XX0, 1
PRP NP0 PRP, 1
VDB PNP DT0, 1
AT0 NP0 PNQ, 1
CRD AJ0 AJ0, 1
PNI NN VDB, 1
ITJ ITJ PNI, 1
AVP VB TO0, 1
PNQ VB AT0, 1
DT0 PNP VHZ, 1
AV0 AVP VV, 1
PNX AV0 AV0, 1
AV0 EX0 AV0, 1
CJC AVP AV0, 1
VB PRP CJS, 1
VV CJT VDZ, 1
DT0 AV0 CJC, 1
DTQ NN PNP, 1
ITJ PNP AVQ, 1
PNP PNP NP0, 1
DT0 AJC NP0, 1
PRF AJC NN, 1
DT0 NN PUR, 1
XX0 PNP VDI, 1
AJ0 NN PNI, 1
NN VHD TO0, 1
PUR NN NN, 1
VB AJS PRF, 1
PNP CJT VV, 1
AVP DTQ VB, 1
EX0 VM0 TO0, 1
AT0 AV0 NP0, 1
VHB AV0 PNI, 1
VV AJC AT0, 1
ITJ NP0 AT0, 1
CJC DT0 PRF, 1
VV AJ0 PNP, 1
ZZ0 CJT VB, 1
ZZ0 NN DTQ, 1
VHD AV0 VB, 1
VB AV0 VDZ, 1
VDN AT0 AJ0, 1
DT0 VHB AJ0, 1
VV VHB PNP, 1
PNP AVP VB, 1
DT0 VDN NP0, 1
EX0 VV ITJ, 1
VHD PNP VDI, 1
UNC CRD CRD, 1
NN VHB AJC, 1
VV CJT NN, 1
VB AVP AJ0, 1
VM0 PNI VV, 1
VHB PNP NP0, 1
NN VHB AJ0, 1
VV PNP AJC, 1
PNP PRF DPS, 1
AJ0 AJ0 AV0, 1
PRP NP0 VB, 1
NN ORD NN, 1
AV0 PNP XX0, 1
VV ORD VV, 1
VHD VDN PNP, 1
AJS PRP PNP, 1
CJC VM0 PNP, 1
VV CJC VB, 1
PRP CJS DPS, 1
ORD NN CJT, 1
AV0 AJC NN, 1
AVQ AJ0 DT0, 1
PNP NN PRF, 1
PNP VDG PRP, 1
AVP TO0 VDI, 1
VM0 NN CJC, 1
PRF DT0 CJS, 1
TO0 VV PNQ, 1
VB AVQ AT0, 1
TO0 VDI VV, 1
AVQ AJ0 VM0, 1
VB AJ0 ITJ, 1
AV0 DT0 VDD, 1
NP0 CJS NP0, 1
PRP DT0 CJS, 1
VB AVP CJS, 1
VV PNI CJC, 1
AVP DT0 AV0, 1
TO0 NP0 NP0, 1
AVP AT0 PUQ, 1
AV0 CJT AT0, 1
VV VM0 XX0, 1
NP0 VV CJC, 1
DT0 EX0 VB, 1
AJ0 ITJ AJ0, 1
AJ0 PRF VB, 1
AVP VB AT0, 1
ITJ VV NP0, 1
AV0 PNP PNP, 1
VHB VV AVQ, 1
TO0 VDI VM0, 1
EX0 VB CRD, 1
PNI PNP VB, 1
PNP CRD PRP, 1
DT0 NP0 POS, 1
VV NN PUQ, 1
NN NP0 ITJ, 1
AV0 PNI VV, 1
PRF DPS AV0, 1
ORD TO0 VV, 1
VM0 VDI AV0, 1
POS CRD NN, 1
AV0 DTQ AT0, 1
CJC VDB DTQ, 1
CJT AVQ NP0, 1
DPS NN PNQ, 1
AJC NN AJ0, 1
PNP NN AJ0, 1
VDD DT0 VV, 1
AVQ PNP DT0, 1
CRD VV AVP, 1
VV CJS PUQ, 1
PNI PRP CRD, 1
NP0 NN PNQ, 1
AV0 CRD CJC, 1
CRD PNP ITJ, 1
AV0 PRP PNI, 1
UNC UNC DTQ, 1
AJ0 AV0 VDB, 1
NP0 AVQ VDB, 1
NN VHB AT0, 1
PNQ VM0 XX0, 1
AJC NN VV, 1
VHB VB DPS, 1
AVP PRP CJS, 1
VB AJ0 PUQ, 1
PNQ VV AV0, 1
DT0 DT0 CJT, 1
DTQ PNP CJC, 1
PNX AV0 AJ0, 1
CJS PNP ITJ, 1
PNP PUQ AV0, 1
VDZ PNP VB, 1
ITJ PNI ITJ, 1
VB ORD NP0, 1
AV0 NP0 CJT, 1
PUQ ITJ ITJ, 1
CJT DPS AJ0, 1
VV AJ0 AT0, 1
NN CRD AV0, 1
VV AV0 VHZ, 1
AV0 PNP AVP, 1
DTQ PNI VM0, 1
XX0 AV0 PNP, 1
PNP AVQ DT0, 1
VDG PRP AV0, 1
VDN NN NN, 1
AJ0 CJC PRP, 1
PRP VV AV0, 1
VV PUR PUL, 1
VDG AV0 NN, 1
CJT AV0 NP0, 1
PNP PNP NN, 1
AVQ DT0 AT0, 1
CJS PNP PRP, 1
CRD NN CRD, 1
VB PRF DT0, 1
NP0 CJT VV, 1
AV0 VDI AV0, 1
AVP CJC PNI, 1
AV0 VHZ AT0, 1
VV PNI DPS, 1
ORD VV DT0, 1
VB DPS ITJ, 1
VDD XX0 VHI, 1
ITJ PNQ PNQ, 1
AV0 DPS DPS, 1
AT0 DT0 PRF, 1
DTQ TO0 VV, 1
ITJ VDD PNP, 1
VDG AT0 AJ0, 1
VM0 VHI AJ0, 1
CJS DT0 VV, 1
CJC ORD AT0, 1
AV0 DT0 VM0, 1
CJC NN EX0, 1
AJC AT0 AJC, 1
DT0 NN VHZ, 1
AVP AVP PRP, 1
CJS PNP NN, 1
AVP AV0 CJS, 1
VHB VV CJS, 1
PRF NN VDD, 1
NN AJ0 DPS, 1
PUQ NN NP0, 1
VM0 PRP AT0, 1
ITJ AV0 DPS, 1
VDN DT0 NN, 1
VHI DT0 VM0, 1
AT0 AV0 ORD, 1
DTQ DTQ VV, 1
VHB VV CRD, 1
VB CJC VV, 1
AVQ PRP CJS, 1
ITJ PRP PNP, 1
VHB CRD NN, 1
TO0 CJC XX0, 1
AVP NN PNP, 1
VDZ PNI VHI, 1
CJC DTQ VV, 1
AV0 AV0 PUQ, 1
TO0 CJC PNP, 1
VV NN AJC, 1
DTQ DT0 PRF, 1
PRP NN AVQ, 1
DT0 VV TO0, 1
DT0 VDZ PNP, 1
AJ0 CJS DPS, 1
XX0 AJ0 PRP, 1
AV0 CJC NP0, 1
ITJ VV PNX, 1
VHI DPS DT0, 1
PRP VV CJC, 1
AVQ AV0 PNP, 1
PRF AV0 AVQ, 1
AV0 CRD DT0, 1
ZZ0 PNP VV, 1
PRP PRP DTQ, 1
ITJ VB VV, 1
AVQ VM0 NP0, 1
UNC PNP AJ0, 1
VB DT0 CJS, 1
DT0 ORD NN, 1
UNC ITJ ITJ, 1
NN DPS DT0, 1
PRP ORD NN, 1
PRP PNI DPS, 1
DTQ NN NN, 1
PNP AVP DPS, 1
PRP DT0 PNI, 1
PRP UNC NN, 1
AV0 AV0 CJT, 1
AJ0 PNI TO0, 1
VB PNP AT0, 1
NN PNI AV0, 1
VV AV0 PNI, 1
ORD PNI NP0, 1
DTQ VB TO0, 1
NP0 VDZ XX0, 1
NP0 PRP DPS, 1
AV0 VB XX0, 1
ZZ0 VV PNP, 1
AJ0 PRP DTQ, 1
DT0 ORD PNI, 1
DT0 AV0 AJC, 1
PRF NN EX0, 1
PNP PRP VDG, 1
NN CJC CRD, 1
PRP AV0 CJT, 1
VDB VHI NN, 1
PRF NP0 NP0, 1
AJS PNP VM0, 1
VDI CRD PRP, 1
PNP AVP AVP, 1
VB AT0 AT0, 1
VHD VV AT0, 1
PRP AT0 CRD, 1
PRF PNP DPS, 1
CJT AJ0 AJ0, 1
CJS AV0 CRD, 1
VHB VV VV, 1
DT0 CJS AV0, 1
PNI VV DPS, 1
XX0 AV0 VDN, 1
AJ0 CJT EX0, 1
CJT VV AT0, 1
VHB AT0 NP0, 1
AV0 VDN AT0, 1
PRP CRD CJC, 1
DT0 AJ0 CJC, 1
DPS PNP VB, 1
PRF PNI POS, 1
AJ0 DTQ VB, 1
ITJ NN AT0, 1
PNP AV0 PNI, 1
NP0 CJC DTQ, 1
CJC PNP DT0, 1
VV PNI PNP, 1
DTQ VV AT0, 1
VDI PNI CJS, 1
ITJ VDZ PNI, 1
VM0 CRD AJ0, 1
AV0 XX0 VB, 1
VDI PNP DT0, 1
PUR DTQ PRP, 1
VB VDG VV, 1
DTQ AJ0 VB, 1
XX0 VV EX0, 1
VB XX0 CRD, 1
AJ0 AV0 CJT, 1
PRP PNI CJS, 1
VV PNI PNQ, 1
PNX DT0 VB, 1
VV AJC AV0, 1
VV PNQ VB, 1
PNP PNP PNP, 1
AT0 NP0 VDG, 1
NP0 CJC CJS, 1
CJC PNP PNP, 1
AT0 AJ0 VDB, 1
XX0 VV XX0, 1
POS NN VHZ, 1
PNP AV0 CJS, 1
CJT NN VV, 1
NP0 CJC VDB, 1
NP0 VDD AT0, 1
VV AVQ PNI, 1
AJS AJS NN, 1
VDG VB AJ0, 1
DPS AV0 DPS, 1
PRF NP0 AVQ, 1
AVP CJT AV0, 1
PNX AV0 VV, 1
AV0 PNI PNI, 1
PRP PNI VB, 1
DT0 VB AVP, 1
PNP VDB CJC, 1
VV NP0 AVP, 1
PRF NP0 CRD, 1
